2025-05-26 09:16|CK100|85.04|94.00|77.00|89.83|3149|52.97|270|74.97|569|71.95|506|80.61|533|52.46|532|72.77|140|2550|102.00|68.00|6278|7090|993722
2025-05-26 09:16|CK101|78.41|86.00|71.00|81.38|4526|70.07|235|89.37|768|17.75|304|74.25|518|73.77|781|92.94|952|3558|94.00|63.00|635|6752|999365
2025-05-26 09:16|CK102|18.33|20.00|16.00|19.15|4542|79.11|251|26.49|870|30.73|631|36.40|394|11.15|113|61.84|783|3042|22.00|15.00|9199|6271|990801
2025-05-26 09:16|CK103|40.17|44.00|36.00|38.67|3794|51.49|811|32.56|136|66.87|302|34.80|127|59.74|950|41.71|877|3203|48.00|32.00|6926|4102|993074
2025-05-26 09:16|CK104|35.49|39.00|32.00|35.12|1378|69.55|906|31.49|175|27.78|260|87.32|243|66.83|451|73.74|762|2797|43.00|28.00|3380|33|996620
2025-05-26 09:16|CK105|65.32|72.00|59.00|63.14|4303|57.42|405|12.82|358|66.04|734|77.27|439|53.95|1007|72.65|729|3672|78.00|52.00|6157|1090|993843
2025-05-26 09:16|CK106|32.48|36.00|29.00|35.46|917|16.72|514|20.46|742|39.40|734|40.66|117|86.73|1027|82.15|915|4049|39.00|26.00|6695|5273|993305
2025-05-26 09:16|CK107|24.49|27.00|22.00|22.33|4276|25.38|148|76.88|702|23.97|127|46.57|402|79.65|984|95.74|607|2970|29.00|20.00|3698|5128|996302
2025-05-26 09:16|CK108|41.60|46.00|37.00|40.50|3856|18.10|1071|25.43|325|24.87|362|90.54|525|40.61|239|94.49|761|3283|50.00|33.00|8246|1150|991754
2025-05-26 09:16|CK109|53.53|59.00|48.00|50.91|5379|17.75|108|27.16|826|58.99|116|53.62|839|74.27|511|76.06|832|3232|64.00|43.00|951|3498|999049
2025-05-26 09:16|CK110|87.61|96.00|79.00|90.30|4115|45.60|351|29.58|367|12.60|889|21.92|608|85.53|307|98.02|430|2952|105.00|70.00|6378|4229|993622
2025-05-26 09:16|CK111|63.51|70.00|57.00|64.25|513|90.06|375|75.96|693|36.48|871|20.87|971|45.11|997|57.71|783|4690|76.00|51.00|7964|8112|992036
2025-05-26 09:16|CK112|25.08|28.00|23.00|24.33|4148|36.29|916|79.52|446|21.70|368|23.06|313|15.13|702|69.97|386|3131|30.00|20.00|6629|2351|993371
2025-05-26 09:16|CK113|40.64|45.00|37.00|43.26|2079|41.07|797|92.39|121|74.67|161|80.69|720|88.67|381|73.05|765|2945|49.00|33.00|8218|5744|991782
2025-05-26 09:16|CK114|96.14|106.00|87.00|87.17|907|24.39|557|78.15|395|30.92|417|18.66|824|38.77|353|80.27|867|3413|115.00|77.00|6232|5834|993768
2025-05-26 09:16|CK115|69.12|76.00|62.00|66.38|3578|35.80|319|51.92|1019|27.60|666|87.22|383|17.66|635|91.16|938|3960|83.00|55.00|6564|7021|993436
2025-05-26 09:16|CK116|66.71|73.00|60.00|68.96|3195|80.24|901|70.94|253|26.67|545|74.52|537|97.33|721|80.15|1060|4017|80.00|53.00|972|7197|999028
2025-05-26 09:16|CK117|92.71|102.00|83.00|89.87|3541|93.58|641|44.43|485|65.46|477|82.81|114|41.43|412|25.04|713|2842|111.00|74.00|758|135|999242
2025-05-26 09:16|CK118|10.17|11.00|9.00|9.38|4277|35.42|585|87.86|939|96.96|143|72.09|124|35.52|954|89.54|371|3116|12.00|8.00|5597|7115|994403
2025-05-26 09:16|CK119|74.31|82.00|67.00|72.38|1635|65.57|762|12.37|273|52.02|456|20.74|271|47.94|449|78.04|700|2911|89.00|59.00|1427|8910|998573
2025-05-26 09:16|CK120|78.19|86.00|70.00|71.24|4456|29.33|1032|24.37|1003|83.54|408|24.27|323|57.40|1036|88.28|643|4445|94.00|63.00|1880|840|998120
2025-05-26 09:16|CK121|63.85|70.00|57.00|68.22|4786|63.53|371|84.44|468|47.69|1057|50.97|329|27.66|340|41.57|136|2701|77.00|51.00|5801|3734|994199
2025-05-26 09:16|CK122|47.10|52.00|42.00|44.19|3427|91.59|301|47.83|967|34.21|1093|93.28|1073|75.31|213|88.60|808|4455|57.00|38.00|7785|4453|992215
2025-05-26 09:16|CK123|47.32|52.00|43.00|47.44|5076|58.70|453|58.08|504|73.44|427|32.75|965|28.33|908|76.28|901|4158|57.00|38.00|8444|9571|991556
2025-05-26 09:16|CK124|70.17|77.00|63.00|74.38|2322|10.68|854|22.98|373|76.65|104|18.30|945|88.30|308|52.35|129|2713|84.00|56.00|5267|2954|994733
2025-05-26 09:16|CK125|51.36|56.00|46.00|55.98|4409|20.48|628|50.88|355|98.70|155|39.00|879|66.86|432|23.81|736|3185|62.00|41.00|4388|6891|995612
2025-05-26 09:16|CK126|32.25|35.00|29.00|33.87|2009|20.90|623|76.19|987|43.46|416|18.36|816|19.14|458|60.71|185|3485|39.00|26.00|4350|2419|995650
2025-05-26 09:16|CK127|76.87|85.00|69.00|77.23|5343|81.54|471|14.58|1033|49.62|655|50.51|799|73.64|272|52.78|223|3453|92.00|61.00|5537|4618|994463
2025-05-26 09:16|CK128|26.93|30.00|24.00|29.04|730|40.69|227|80.40|506|19.96|648|55.99|696|16.35|917|69.78|460|3454|32.00|22.00|6113|9857|993887
2025-05-26 09:16|CK129|13.80|15.00|12.00|14.92|2506|41.71|630|63.40|118|29.55|785|17.83|649|46.81|887|23.71|182|3251|17.00|11.00|7938|2288|992062
2025-05-26 09:23|CK100|85.04|94.00|77.00|80.00|3911|84.60|705|42.27|938|91.12|286|73.09|816|44.28|829|48.17|430|4004|102.00|68.00|9269|9996|990731
2025-05-26 09:23|CK101|78.41|86.00|71.00|84.45|1222|76.01|961|70.91|1090|38.68|255|83.28|531|40.79|695|50.98|309|3841|94.00|63.00|8399|6191|991601
2025-05-26 09:23|CK102|18.33|20.00|16.00|19.68|5045|13.39|187|61.97|415|30.65|548|46.58|290|18.36|581|56.70|189|2210|22.00|15.00|2121|7195|997879
2025-05-26 09:23|CK103|40.17|44.00|36.00|38.07|5156|77.60|826|41.85|459|99.96|1061|87.95|1026|98.42|293|20.32|1017|4682|48.00|32.00|3524|9668|996476
2025-05-26 09:23|CK104|35.49|39.00|32.00|36.62|3582|16.44|1065|30.06|845|94.70|189|75.83|460|67.07|896|28.15|755|4210|43.00|28.00|1029|726|998971
2025-05-26 09:23|CK105|65.32|72.00|59.00|63.95|1001|99.48|738|62.28|277|25.06|1053|35.37|382|97.52|185|66.37|1028|3663|78.00|52.00|7300|4718|992700
2025-05-26 09:23|CK106|32.48|36.00|29.00|30.64|4259|95.01|498|97.26|191|23.25|437|40.40|104|65.11|674|62.61|478|2382|39.00|26.00|8674|2213|991326
2025-05-26 09:23|CK107|24.49|27.00|22.00|23.54|4610|71.70|671|50.34|988|90.20|669|38.05|176|16.40|1025|50.21|740|4269|29.00|20.00|1359|7755|998641
2025-05-26 09:23|CK108|41.60|46.00|37.00|37.70|3565|79.80|370|23.53|762|83.15|804|79.59|1018|12.84|1099|77.31|652|4705|50.00|33.00|5620|5213|994380
2025-05-26 09:23|CK109|53.53|59.00|48.00|51.67|4058|17.49|1066|74.35|881|61.31|380|74.01|615|75.90|479|20.93|106|3527|64.00|43.00|3513|469|996487
2025-05-26 09:23|CK110|87.61|96.00|79.00|91.73|5358|83.45|429|98.86|410|11.25|764|38.28|852|97.46|807|69.18|651|3913|105.00|70.00|7484|8491|992516
2025-05-26 09:23|CK111|63.51|70.00|57.00|69.66|3782|81.40|1082|18.90|350|67.49|595|15.98|322|36.94|279|43.10|969|3597|76.00|51.00|1981|9682|998019
2025-05-26 09:23|CK112|25.08|28.00|23.00|27.20|3988|66.21|102|29.92|531|91.04|243|78.15|387|36.48|571|31.01|712|2546|30.00|20.00|2585|498|997415
2025-05-26 09:23|CK113|40.64|45.00|37.00|38.60|3776|16.35|1094|36.20|424|93.86|429|12.80|819|54.99|368|28.14|279|3413|49.00|33.00|9863|2828|990137
2025-05-26 09:23|CK114|96.14|106.00|87.00|93.14|4155|48.85|699|22.37|1068|27.58|269|54.29|896|67.95|202|30.22|683|3817|115.00|77.00|992|5013|999008
2025-05-26 09:23|CK115|69.12|76.00|62.00|73.88|3776|76.91|1019|72.56|855|38.62|204|36.96|183|21.86|862|48.03|234|3357|83.00|55.00|8304|130|991696
2025-05-26 09:23|CK116|66.71|73.00|60.00|62.49|4159|62.36|313|26.60|178|87.05|446|75.92|1047|49.42|674|44.72|342|3000|80.00|53.00|1746|106|998254
2025-05-26 09:23|CK117|92.71|102.00|83.00|85.35|1655|73.74|406|46.67|1072|57.81|521|88.08|305|35.92|1051|34.46|101|3456|111.00|74.00|1727|2908|998273
2025-05-26 09:23|CK118|10.17|11.00|9.00|9.25|2502|70.69|146|27.98|801|53.92|154|49.27|807|61.48|125|27.13|561|2594|12.00|8.00|4056|4140|995944
2025-05-26 09:23|CK119|74.31|82.00|67.00|75.37|888|91.36|323|44.11|649|29.56|117|18.98|194|42.28|532|64.64|509|2324|89.00|59.00|3103|6153|996897
2025-05-26 09:23|CK120|78.19|86.00|70.00|76.33|3898|89.24|457|90.38|759|74.04|1065|80.24|903|31.24|479|45.31|557|4220|94.00|63.00|9774|2822|990226
2025-05-26 09:23|CK121|63.85|70.00|57.00|60.97|953|42.94|1012|66.03|757|33.72|984|98.06|1082|67.79|774|32.53|820|5429|77.00|51.00|3348|6242|996652
2025-05-26 09:23|CK122|47.10|52.00|42.00|46.56|1566|23.00|378|22.71|668|49.97|938|15.43|495|50.89|314|18.68|790|3583|57.00|38.00|5299|6157|994701
2025-05-26 09:23|CK123|47.32|52.00|43.00|42.91|3942|66.96|106|99.56|913|12.05|761|82.20|520|31.46|921|28.16|910|4131|57.00|38.00|9654|6254|990346
2025-05-26 09:23|CK124|70.17|77.00|63.00|69.49|2744|18.62|309|62.05|885|53.73|632|75.58|747|56.44|469|10.72|216|3258|84.00|56.00|377|3900|999623
2025-05-26 09:23|CK125|51.36|56.00|46.00|47.54|5445|81.98|548|42.56|424|47.85|119|78.14|237|51.12|157|24.89|1000|2485|62.00|41.00|3748|4121|996252
2025-05-26 09:23|CK126|32.25|35.00|29.00|33.07|3828|66.54|864|66.19|445|72.52|361|37.37|119|19.02|390|21.56|594|2773|39.00|26.00|237|2783|999763
2025-05-26 09:23|CK127|76.87|85.00|69.00|83.82|2269|94.30|169|11.73|1046|63.84|469|92.94|721|38.61|154|61.75|498|3057|92.00|61.00|7229|4214|992771
2025-05-26 09:23|CK128|26.93|30.00|24.00|24.27|3858|21.04|1043|71.03|528|83.98|861|31.80|820|88.65|421|92.64|1072|4745|32.00|22.00|1042|3187|998958
2025-05-26 09:23|CK129|13.80|15.00|12.00|12.81|3727|74.86|470|85.41|535|94.18|544|22.97|605|89.85|588|44.26|625|3367|17.00|11.00|831|8897|999169
2025-05-26 09:24|CK100|85.04|94.00|77.00|87.07|529|11.28|706|74.17|798|84.74|571|36.45|691|68.35|451|33.63|468|3685|102.00|68.00|9866|7080|990134
2025-05-26 09:24|CK101|78.41|86.00|71.00|84.65|917|61.42|968|29.36|721|93.90|550|92.82|113|33.32|894|30.06|414|3660|94.00|63.00|511|3536|999489
2025-05-26 09:24|CK102|18.33|20.00|16.00|17.95|2781|99.53|506|62.97|634|85.25|984|37.61|1003|16.55|392|34.29|1051|4570|22.00|15.00|3145|4784|996855
2025-05-26 09:24|CK103|40.17|44.00|36.00|39.77|3331|82.14|495|41.05|712|84.40|849|87.57|165|77.36|420|50.07|166|2807|48.00|32.00|4737|4603|995263
2025-05-26 09:24|CK104|35.49|39.00|32.00|33.71|1621|40.00|210|97.94|343|97.87|155|19.33|469|78.97|700|96.77|847|2724|43.00|28.00|5512|8164|994488
2025-05-26 09:24|CK105|65.32|72.00|59.00|69.04|3538|29.58|999|47.87|605|21.06|962|49.70|277|13.93|346|58.84|431|3620|78.00|52.00|1861|104|998139
2025-05-26 09:24|CK106|32.48|36.00|29.00|30.81|5483|56.28|874|86.34|885|52.34|1080|96.79|742|15.23|685|85.04|1011|5277|39.00|26.00|8689|9422|991311
2025-05-26 09:24|CK107|24.49|27.00|22.00|23.96|5063|79.63|335|82.89|946|77.07|1094|25.21|988|14.84|741|93.89|252|4356|29.00|20.00|2851|3083|997149
2025-05-26 09:24|CK108|41.60|46.00|37.00|38.93|2331|52.94|849|51.92|847|80.13|626|95.90|743|50.90|588|95.12|804|4457|50.00|33.00|9785|5737|990215
2025-05-26 09:24|CK109|53.53|59.00|48.00|51.36|2622|42.32|956|89.44|869|64.86|691|34.66|837|18.93|591|28.66|339|4283|64.00|43.00|6621|6557|993379
2025-05-26 09:24|CK110|87.61|96.00|79.00|95.73|5059|68.90|518|96.18|279|17.12|806|58.71|237|59.17|738|82.89|960|3538|105.00|70.00|132|9983|999868
2025-05-26 09:24|CK111|63.51|70.00|57.00|64.30|5004|63.52|161|60.13|824|28.75|342|61.60|517|67.67|307|67.65|488|2639|76.00|51.00|3063|5152|996937
2025-05-26 09:24|CK112|25.08|28.00|23.00|22.95|2707|89.98|573|86.92|596|73.57|248|51.80|775|61.40|934|20.60|310|3436|30.00|20.00|3002|3986|996998
2025-05-26 09:24|CK113|40.64|45.00|37.00|36.76|1343|41.30|522|73.24|743|13.25|407|76.02|1012|73.13|1044|70.61|365|4093|49.00|33.00|5435|2276|994565
2025-05-26 09:24|CK114|96.14|106.00|87.00|93.13|2532|57.64|564|24.60|386|98.21|365|55.16|794|26.53|969|72.84|666|3744|115.00|77.00|1678|1160|998322
2025-05-26 09:24|CK115|69.12|76.00|62.00|62.62|3009|70.64|190|95.39|750|54.79|927|52.58|372|90.95|465|16.57|471|3175|83.00|55.00|3549|1347|996451
2025-05-26 09:24|CK116|66.71|73.00|60.00|69.09|3025|78.29|408|67.62|980|50.12|546|11.52|734|13.55|123|54.36|182|2973|80.00|53.00|3826|3936|996174
2025-05-26 09:24|CK117|92.71|102.00|83.00|93.63|5205|75.31|133|80.25|1050|95.02|954|49.46|441|38.46|1045|90.27|904|4527|111.00|74.00|7369|4371|992631
2025-05-26 09:24|CK118|10.17|11.00|9.00|10.93|5253|89.58|778|30.27|718|22.16|752|92.54|1017|84.97|747|31.28|779|4791|12.00|8.00|2323|8355|997677
2025-05-26 09:24|CK119|74.31|82.00|67.00|77.76|2045|84.63|858|13.35|613|63.19|920|81.83|1005|19.95|1086|66.19|513|4995|89.00|59.00|5153|9364|994847
2025-05-26 09:24|CK120|78.19|86.00|70.00|72.97|3553|82.43|287|37.19|655|35.88|780|41.01|1050|15.18|692|95.42|1091|4555|94.00|63.00|7199|7395|992801
2025-05-26 09:24|CK121|63.85|70.00|57.00|67.35|2700|86.50|988|67.51|1058|44.99|989|99.54|921|81.08|770|11.57|401|5127|77.00|51.00|2864|7006|997136
2025-05-26 09:24|CK122|47.10|52.00|42.00|45.11|1727|23.07|939|97.26|679|84.03|1089|65.30|963|20.83|509|48.95|1056|5235|57.00|38.00|6617|2760|993383
2025-05-26 09:24|CK123|47.32|52.00|43.00|44.32|1447|40.06|367|18.87|281|70.97|1045|73.44|179|20.84|352|39.86|558|2782|57.00|38.00|7537|8591|992463
2025-05-26 09:24|CK124|70.17|77.00|63.00|63.52|1317|41.30|199|29.17|376|36.88|582|97.17|283|51.56|467|87.59|771|2678|84.00|56.00|4842|6521|995158
2025-05-26 09:24|CK125|51.36|56.00|46.00|46.91|1105|27.47|577|69.53|108|88.70|339|41.48|668|16.14|651|77.11|803|3146|62.00|41.00|5391|1213|994609
2025-05-26 09:24|CK126|32.25|35.00|29.00|29.82|3723|58.21|446|89.74|849|97.57|253|69.68|1096|75.98|176|92.57|121|2941|39.00|26.00|8703|4327|991297
2025-05-26 09:24|CK127|76.87|85.00|69.00|76.58|2148|86.86|700|75.36|131|30.57|737|39.36|528|95.12|313|66.64|705|3114|92.00|61.00|5511|8390|994489
2025-05-26 09:24|CK128|26.93|30.00|24.00|28.16|1837|90.41|1058|56.75|423|69.62|191|72.05|414|67.29|1043|99.21|110|3239|32.00|22.00|3001|4121|996999
2025-05-26 09:24|CK129|13.80|15.00|12.00|13.11|675|27.92|439|44.45|977|50.69|603|74.50|133|45.23|691|52.51|830|3673|17.00|11.00|1874|6363|998126
2025-05-26 09:39|CK100|85.04|94.00|77.00|92.51|4252|26.32|333|74.57|633|11.33|379|53.66|222|14.62|476|95.11|144|2187|102.00|68.00|967|5518|999033
2025-05-26 09:39|CK101|78.41|86.00|71.00|71.88|4639|56.11|988|75.08|646|11.06|291|18.50|1085|50.82|637|28.71|516|4163|94.00|63.00|3047|4200|996953
2025-05-26 09:39|CK102|18.33|20.00|16.00|18.24|3413|33.75|407|69.57|344|51.73|562|63.80|852|38.64|262|77.39|298|2725|22.00|15.00|9294|9834|990706
2025-05-26 09:39|CK103|40.17|44.00|36.00|42.87|3220|16.17|1000|26.75|714|24.71|394|32.50|110|12.31|629|28.22|717|3564|48.00|32.00|8649|4222|991351
2025-05-26 09:39|CK104|35.49|39.00|32.00|33.93|4809|76.71|283|92.31|363|93.10|1060|11.95|457|96.65|912|58.60|428|3503|43.00|28.00|5948|354|994052
2025-05-26 09:39|CK105|65.32|72.00|59.00|62.61|3884|58.62|174|22.10|1054|94.86|826|94.90|818|80.70|191|55.94|757|3820|78.00|52.00|6987|7779|993013
2025-05-26 09:39|CK106|32.48|36.00|29.00|31.20|2675|23.95|1018|42.02|753|67.59|273|78.21|269|84.70|862|67.08|782|3957|39.00|26.00|5474|9889|994526
2025-05-26 09:39|CK107|24.49|27.00|22.00|24.65|632|47.02|221|68.07|733|11.48|286|94.14|937|75.28|594|32.77|969|3740|29.00|20.00|7819|4804|992181
2025-05-26 09:39|CK108|41.60|46.00|37.00|37.45|3969|86.44|620|26.08|221|13.80|1059|26.26|692|27.58|1023|93.99|743|4358|50.00|33.00|6019|3617|993981
2025-05-26 09:39|CK109|53.53|59.00|48.00|56.52|4113|31.64|1058|43.11|242|42.01|136|31.06|996|57.69|548|58.42|960|3940|64.00|43.00|9607|613|990393
2025-05-26 09:39|CK110|87.61|96.00|79.00|79.33|4896|92.75|719|84.65|1036|91.12|124|24.98|454|88.68|604|43.90|962|3899|105.00|70.00|7058|5391|992942
2025-05-26 09:39|CK111|63.51|70.00|57.00|62.62|768|82.85|495|16.98|1099|90.27|279|66.79|305|30.76|548|83.13|924|3650|76.00|51.00|4691|1925|995309
2025-05-26 09:39|CK112|25.08|28.00|23.00|23.40|2089|61.95|271|56.79|380|91.59|362|19.30|783|68.73|233|63.50|805|2834|30.00|20.00|241|8169|999759
2025-05-26 09:39|CK113|40.64|45.00|37.00|42.64|3100|89.15|257|16.06|764|18.44|425|74.14|264|81.91|1072|67.83|799|3581|49.00|33.00|7147|7563|992853
2025-05-26 09:39|CK114|96.14|106.00|87.00|104.92|3585|83.96|667|74.65|649|80.45|603|72.31|715|77.07|351|36.62|849|3834|115.00|77.00|2464|3225|997536
2025-05-26 09:39|CK115|69.12|76.00|62.00|62.22|1737|40.70|970|50.68|1002|22.82|1088|40.49|564|82.67|970|68.91|926|5520|83.00|55.00|1199|8874|998801
2025-05-26 09:39|CK116|66.71|73.00|60.00|63.61|2898|62.94|838|65.85|509|33.86|334|46.69|147|62.07|442|90.04|656|2926|80.00|53.00|4602|8765|995398
2025-05-26 09:39|CK117|92.71|102.00|83.00|92.23|1358|98.12|232|18.19|796|75.64|203|71.92|715|91.19|1087|44.95|808|3841|111.00|74.00|4050|4691|995950
2025-05-26 09:39|CK118|10.17|11.00|9.00|9.26|2225|67.41|803|17.96|858|90.45|680|54.58|165|47.48|590|41.96|183|3279|12.00|8.00|8251|546|991749
2025-05-26 09:39|CK119|74.31|82.00|67.00|80.20|757|60.08|749|85.60|1033|71.33|494|96.26|194|49.21|513|60.45|236|3219|89.00|59.00|6929|4545|993071
2025-05-26 09:39|CK120|78.19|86.00|70.00|73.34|3001|18.64|372|67.12|171|77.71|651|74.12|820|82.34|290|28.11|429|2733|94.00|63.00|4949|6514|995051
2025-05-26 09:39|CK121|63.85|70.00|57.00|64.54|957|45.81|1038|92.60|329|41.72|501|49.27|733|54.99|299|76.74|250|3150|77.00|51.00|8902|3289|991098
2025-05-26 09:39|CK122|47.10|52.00|42.00|43.25|1285|56.74|843|98.11|735|64.82|1022|83.50|387|48.90|433|39.92|763|4183|57.00|38.00|4067|6126|995933
2025-05-26 09:39|CK123|47.32|52.00|43.00|49.63|2999|38.04|541|78.46|987|83.72|900|87.28|249|72.32|538|58.64|137|3352|57.00|38.00|389|9646|999611
2025-05-26 09:39|CK124|70.17|77.00|63.00|75.08|4229|65.75|1096|49.11|207|22.09|649|44.39|453|70.41|307|43.60|494|3206|84.00|56.00|3217|3511|996783
2025-05-26 09:39|CK125|51.36|56.00|46.00|52.24|4508|71.29|205|20.13|606|36.77|200|41.64|104|18.35|771|56.15|270|2156|62.00|41.00|1815|6795|998185
2025-05-26 09:39|CK126|32.25|35.00|29.00|31.02|3021|52.58|885|66.12|815|83.92|210|68.98|794|99.26|664|64.30|278|3646|39.00|26.00|3909|2276|996091
2025-05-26 09:39|CK127|76.87|85.00|69.00|79.96|2762|85.68|229|30.42|310|75.96|511|50.68|347|18.86|796|88.01|745|2938|92.00|61.00|7479|4108|992521
2025-05-26 09:39|CK128|26.93|30.00|24.00|27.70|3719|64.26|106|11.15|470|74.59|861|59.43|547|13.64|956|19.15|848|3788|32.00|22.00|3490|6475|996510
2025-05-26 09:39|CK129|13.80|15.00|12.00|12.99|1649|63.34|736|85.67|172|50.88|285|77.27|401|43.20|807|24.48|704|3105|17.00|11.00|7586|9843|992414
2025-05-26 09:51|CK100|85.04|94.00|77.00|88.73|1338|73.19|818|44.58|1080|42.81|809|51.38|867|15.69|181|30.94|767|4522|102.00|68.00|9406|7997|990594
2025-05-26 09:51|CK101|78.41|86.00|71.00|74.70|1675|89.53|489|47.09|228|87.32|1037|82.33|922|25.79|428|57.24|122|3226|94.00|63.00|6755|4131|993245
2025-05-26 09:51|CK102|18.33|20.00|16.00|16.92|2283|25.70|976|43.01|918|67.12|401|37.72|187|28.75|998|73.02|890|4370|22.00|15.00|4714|5266|995286
2025-05-26 09:51|CK103|40.17|44.00|36.00|38.16|4293|96.93|984|56.64|839|29.97|438|65.77|601|46.48|187|90.91|684|3733|48.00|32.00|43|3661|999957
2025-05-26 09:51|CK104|35.49|39.00|32.00|35.47|3296|51.77|1071|29.68|164|18.17|526|77.09|283|29.47|412|96.63|220|2676|43.00|28.00|6246|7766|993754
2025-05-26 09:51|CK105|65.32|72.00|59.00|65.99|5129|26.09|609|28.96|414|14.29|311|88.23|893|46.63|768|70.24|547|3542|78.00|52.00|9232|8581|990768
2025-05-26 09:51|CK106|32.48|36.00|29.00|32.39|2404|10.32|176|26.72|372|72.70|991|81.89|518|24.74|287|61.83|763|3107|39.00|26.00|3950|898|996050
2025-05-26 09:51|CK107|24.49|27.00|22.00|23.86|1339|78.49|117|77.93|542|25.47|1091|57.08|1073|89.33|722|12.42|927|4472|29.00|20.00|8922|3825|991078
2025-05-26 09:51|CK108|41.60|46.00|37.00|40.88|532|50.72|850|59.71|260|93.63|654|76.12|827|16.03|599|50.55|1094|4284|50.00|33.00|1382|2399|998618
2025-05-26 09:51|CK109|53.53|59.00|48.00|57.42|5316|85.67|490|58.63|1061|39.68|353|25.27|633|28.17|353|84.40|847|3737|64.00|43.00|4447|9249|995553
2025-05-26 09:51|CK110|87.61|96.00|79.00|80.51|4837|74.14|867|77.26|1014|64.20|884|70.89|949|32.04|831|82.03|498|5043|105.00|70.00|466|3340|999534
2025-05-26 09:51|CK111|63.51|70.00|57.00|65.02|905|18.74|914|67.92|815|92.52|311|31.04|694|73.74|507|40.65|1027|4268|76.00|51.00|2483|2938|997517
2025-05-26 09:51|CK112|25.08|28.00|23.00|23.63|2096|30.90|1012|34.00|968|90.52|727|61.55|142|51.87|962|54.28|694|4505|30.00|20.00|4886|2205|995114
2025-05-26 09:51|CK113|40.64|45.00|37.00|42.54|2732|76.62|639|59.64|701|40.73|669|16.26|817|56.31|889|77.14|796|4511|49.00|33.00|4120|5201|995880
2025-05-26 09:51|CK114|96.14|106.00|87.00|91.20|3488|35.99|904|57.53|641|79.12|972|95.36|340|83.51|743|40.97|1041|4641|115.00|77.00|3785|1799|996215
2025-05-26 09:51|CK115|69.12|76.00|62.00|65.76|960|62.41|473|28.12|873|66.79|606|12.73|718|68.99|682|45.14|258|3610|83.00|55.00|130|8150|999870
2025-05-26 09:51|CK116|66.71|73.00|60.00|62.57|5451|27.33|962|10.13|356|71.55|207|52.16|113|65.04|534|31.51|459|2631|80.00|53.00|1201|9719|998799
2025-05-26 09:51|CK117|92.71|102.00|83.00|84.31|5442|56.97|1083|99.47|470|95.02|138|22.91|205|90.71|241|38.98|753|2890|111.00|74.00|6165|3973|993835
2025-05-26 09:51|CK118|10.17|11.00|9.00|11.01|1994|60.39|909|92.70|441|56.90|189|32.44|570|33.57|698|91.57|937|3744|12.00|8.00|4378|8828|995622
2025-05-26 09:51|CK119|74.31|82.00|67.00|80.31|2849|94.16|903|46.96|348|80.95|688|60.28|571|77.41|684|89.76|1022|4216|89.00|59.00|4225|5638|995775
2025-05-26 09:51|CK120|78.19|86.00|70.00|84.72|5200|34.98|836|37.65|971|84.48|866|55.35|794|12.81|272|60.39|796|4535|94.00|63.00|101|6801|999899
2025-05-26 09:51|CK121|63.85|70.00|57.00|64.67|1711|95.52|173|81.60|718|93.85|428|75.26|1018|62.25|249|34.93|454|3040|77.00|51.00|8242|717|991758
2025-05-26 09:51|CK122|47.10|52.00|42.00|46.69|4962|97.89|600|55.79|479|38.06|442|11.38|756|13.86|1045|42.97|154|3476|57.00|38.00|9811|961|990189
2025-05-26 09:51|CK123|47.32|52.00|43.00|44.90|1711|64.87|356|91.67|306|48.85|799|16.54|846|73.07|220|33.79|378|2905|57.00|38.00|906|2072|999094
2025-05-26 09:51|CK124|70.17|77.00|63.00|69.94|2999|22.70|202|27.10|989|86.75|914|19.05|303|74.53|851|67.70|305|3564|84.00|56.00|8505|100|991495
2025-05-26 09:51|CK125|51.36|56.00|46.00|55.17|4668|90.44|290|89.06|1053|33.72|164|15.60|701|76.08|402|96.22|1026|3636|62.00|41.00|5798|2497|994202
2025-05-26 09:51|CK126|32.25|35.00|29.00|29.76|1190|79.82|951|63.41|261|27.23|752|80.84|1084|69.07|929|86.74|763|4740|39.00|26.00|1480|1672|998520
2025-05-26 09:51|CK127|76.87|85.00|69.00|79.61|502|89.16|1032|17.80|913|81.75|245|95.59|116|17.09|515|62.98|1066|3887|92.00|61.00|6353|7418|993647
2025-05-26 09:51|CK128|26.93|30.00|24.00|27.52|5368|97.21|189|98.86|944|15.00|561|14.14|941|36.04|970|67.60|941|4546|32.00|22.00|5024|940|994976
2025-05-26 09:51|CK129|13.80|15.00|12.00|14.89|5238|83.62|943|94.63|696|13.91|175|90.81|1066|33.62|192|99.68|1007|4079|17.00|11.00|3758|8751|996242
2025-05-26 09:53|CK100|85.04|94.00|77.00|79.83|3606|65.80|995|29.06|160|99.04|310|76.77|1043|16.37|318|30.14|885|3711|102.00|68.00|4562|8786|995438
2025-05-26 09:53|CK101|78.41|86.00|71.00|71.50|4760|94.13|844|21.74|117|38.68|439|65.66|788|53.66|1082|63.54|170|3440|94.00|63.00|4664|7687|995336
2025-05-26 09:53|CK102|18.33|20.00|16.00|18.62|582|63.34|688|93.71|849|41.13|926|81.66|728|89.65|981|23.98|902|5074|22.00|15.00|2886|3135|997114
2025-05-26 09:53|CK103|40.17|44.00|36.00|42.84|2540|86.91|133|76.41|353|89.81|897|49.72|624|12.87|484|26.98|736|3227|48.00|32.00|5871|8|994129
2025-05-26 09:53|CK104|35.49|39.00|32.00|36.02|2643|50.13|367|55.13|723|71.71|622|58.99|195|16.83|1057|43.53|825|3789|43.00|28.00|1431|2378|998569
2025-05-26 09:53|CK105|65.32|72.00|59.00|61.95|4373|82.82|545|22.66|776|88.12|237|65.14|190|93.51|633|22.01|763|3144|78.00|52.00|5963|5471|994037
2025-05-26 09:53|CK106|32.48|36.00|29.00|33.46|2699|81.07|413|44.19|315|72.89|474|54.69|489|55.08|422|41.25|403|2516|39.00|26.00|373|5781|999627
2025-05-26 09:53|CK107|24.49|27.00|22.00|25.88|4102|36.18|852|50.70|971|75.71|390|95.46|447|67.35|786|91.09|1085|4531|29.00|20.00|4638|1160|995362
2025-05-26 09:53|CK108|41.60|46.00|37.00|42.95|2532|60.46|204|32.73|465|37.94|594|90.12|1092|43.78|641|64.61|251|3247|50.00|33.00|1044|4302|998956
2025-05-26 09:53|CK109|53.53|59.00|48.00|58.48|3348|31.51|325|67.75|601|83.15|1063|87.36|885|76.04|193|93.03|468|3535|64.00|43.00|3559|1513|996441
2025-05-26 09:53|CK110|87.61|96.00|79.00|88.05|1068|46.36|376|73.97|826|85.63|783|82.47|866|16.46|849|80.63|771|4471|105.00|70.00|5848|9744|994152
2025-05-26 09:53|CK111|63.51|70.00|57.00|58.27|5298|31.25|942|13.21|557|66.49|499|21.87|546|62.87|865|52.89|1087|4496|76.00|51.00|2838|5879|997162
2025-05-26 09:53|CK112|25.08|28.00|23.00|26.57|765|33.61|420|21.46|117|25.56|907|43.41|1038|66.21|786|43.07|793|4061|30.00|20.00|5862|3706|994138
2025-05-26 09:53|CK113|40.64|45.00|37.00|40.11|5370|85.30|309|21.53|424|89.69|809|37.86|448|46.71|605|96.90|518|3113|49.00|33.00|2375|438|997625
2025-05-26 09:53|CK114|96.14|106.00|87.00|88.61|4685|84.11|743|58.71|980|86.60|677|32.56|365|53.62|302|12.99|190|3257|115.00|77.00|5716|740|994284
2025-05-26 09:53|CK115|69.12|76.00|62.00|69.91|4377|93.82|777|39.65|554|28.05|1006|23.69|241|77.92|333|47.16|549|3460|83.00|55.00|9424|6297|990576
2025-05-26 09:53|CK116|66.71|73.00|60.00|70.55|2099|84.50|958|88.39|869|50.74|218|16.02|402|52.55|757|75.34|363|3567|80.00|53.00|9948|8779|990052
2025-05-26 09:53|CK117|92.71|102.00|83.00|86.60|798|69.64|470|97.36|527|44.02|646|86.50|354|66.42|567|33.07|145|2709|111.00|74.00|90|7036|999910
2025-05-26 09:53|CK118|10.17|11.00|9.00|9.44|691|51.39|254|92.38|694|92.30|193|68.84|491|33.62|673|12.23|262|2567|12.00|8.00|5901|2153|994099
2025-05-26 09:53|CK119|74.31|82.00|67.00|75.64|3874|46.36|831|37.11|368|80.77|939|38.98|1022|31.67|230|37.04|331|3721|89.00|59.00|7320|7420|992680
2025-05-26 09:53|CK120|78.19|86.00|70.00|83.45|5114|49.44|782|77.45|775|28.87|698|55.09|719|83.04|367|63.12|594|3935|94.00|63.00|1733|8323|998267
2025-05-26 09:53|CK121|63.85|70.00|57.00|69.27|3083|58.66|959|42.39|964|23.31|285|93.26|1083|25.55|872|89.49|404|4567|77.00|51.00|7309|4340|992691
2025-05-26 09:53|CK122|47.10|52.00|42.00|49.48|5464|97.81|747|34.77|411|10.58|172|52.99|141|52.42|184|13.70|536|2191|57.00|38.00|8202|648|991798
2025-05-26 09:53|CK123|47.32|52.00|43.00|51.40|5341|31.07|359|25.40|511|27.63|1019|47.83|563|77.62|727|50.19|1044|4223|57.00|38.00|4055|8362|995945
2025-05-26 09:53|CK124|70.17|77.00|63.00|69.53|2545|17.18|138|83.66|392|88.26|791|52.07|569|41.49|599|94.28|952|3441|84.00|56.00|7762|636|992238
2025-05-26 09:53|CK125|51.36|56.00|46.00|56.19|2172|59.78|308|63.92|654|40.22|785|56.63|1051|11.56|207|34.06|677|3682|62.00|41.00|8306|4171|991694
2025-05-26 09:53|CK126|32.25|35.00|29.00|33.54|4681|54.54|436|48.02|1061|74.60|850|26.64|718|57.42|272|72.42|360|3697|39.00|26.00|8458|548|991542
2025-05-26 09:53|CK127|76.87|85.00|69.00|71.66|4131|89.45|123|29.76|770|80.15|473|92.38|474|16.72|1024|82.02|854|3718|92.00|61.00|3987|3424|996013
2025-05-26 09:53|CK128|26.93|30.00|24.00|26.13|1244|37.66|309|80.11|317|13.20|134|91.94|419|64.44|801|10.37|1062|3042|32.00|22.00|4584|7073|995416
2025-05-26 09:53|CK129|13.80|15.00|12.00|14.45|4533|99.53|790|79.67|182|74.15|794|32.98|462|71.84|270|38.87|760|3258|17.00|11.00|8997|4188|991003
2025-05-26 09:53|CK100|85.04|94.00|77.00|90.74|4259|85.01|1008|97.81|714|33.06|1042|97.33|1020|96.86|390|29.71|1043|5217|102.00|68.00|9651|6066|990349
2025-05-26 09:53|CK101|78.41|86.00|71.00|85.23|2818|70.35|693|20.53|143|22.99|517|54.82|606|14.19|600|16.64|883|3442|94.00|63.00|3395|5735|996605
2025-05-26 09:53|CK102|18.33|20.00|16.00|17.75|1765|36.99|454|44.55|106|90.96|465|79.36|100|78.90|649|72.18|154|1928|22.00|15.00|4956|8252|995044
2025-05-26 09:53|CK103|40.17|44.00|36.00|41.00|3560|28.32|425|70.14|224|59.41|166|95.03|1064|57.49|786|13.28|748|3413|48.00|32.00|258|7906|999742
2025-05-26 09:53|CK104|35.49|39.00|32.00|34.63|4334|86.88|402|99.89|1051|65.09|697|18.45|402|65.75|890|46.47|704|4146|43.00|28.00|6372|6541|993628
2025-05-26 09:53|CK105|65.32|72.00|59.00|62.28|5454|12.29|611|73.30|459|74.75|168|90.52|603|17.25|722|44.87|246|2809|78.00|52.00|8473|96|991527
2025-05-26 09:53|CK106|32.48|36.00|29.00|34.48|4856|45.30|1002|70.79|251|47.75|393|95.77|385|84.77|481|31.52|376|2888|39.00|26.00|7595|9914|992405
2025-05-26 09:53|CK107|24.49|27.00|22.00|25.60|2476|93.11|640|58.96|238|29.35|228|38.41|603|70.59|662|49.72|987|3358|29.00|20.00|5254|407|994746
2025-05-26 09:53|CK108|41.60|46.00|37.00|37.55|1507|29.73|171|76.86|301|98.50|690|31.98|310|36.04|877|75.60|593|2942|50.00|33.00|4630|5806|995370
2025-05-26 09:53|CK109|53.53|59.00|48.00|56.37|4362|27.86|898|48.72|109|66.21|212|24.85|764|32.71|514|83.36|276|2773|64.00|43.00|8228|8045|991772
2025-05-26 09:53|CK110|87.61|96.00|79.00|78.87|4996|62.93|615|43.33|953|31.51|960|13.61|805|30.38|884|61.87|782|4999|105.00|70.00|144|1533|999856
2025-05-26 09:53|CK111|63.51|70.00|57.00|66.26|4234|14.88|876|46.94|855|60.19|567|47.69|574|82.06|881|93.25|283|4036|76.00|51.00|3149|3244|996851
2025-05-26 09:53|CK112|25.08|28.00|23.00|27.40|3094|17.95|253|87.45|556|95.35|715|50.42|1030|24.25|858|52.03|401|3813|30.00|20.00|7895|9202|992105
2025-05-26 09:53|CK113|40.64|45.00|37.00|41.51|1361|28.06|793|93.14|268|40.73|998|59.62|138|84.19|954|49.01|1009|4160|49.00|33.00|9331|5629|990669
2025-05-26 09:53|CK114|96.14|106.00|87.00|105.20|5449|27.94|1067|88.72|627|47.50|742|11.52|922|82.90|177|52.93|448|3983|115.00|77.00|4085|5649|995915
2025-05-26 09:53|CK115|69.12|76.00|62.00|73.88|1326|70.91|328|45.05|148|71.14|766|96.99|354|21.50|123|58.18|558|2277|83.00|55.00|3908|291|996092
2025-05-26 09:53|CK116|66.71|73.00|60.00|73.08|1629|95.10|971|76.46|583|80.89|405|65.60|549|67.36|469|74.50|269|3246|80.00|53.00|7573|3013|992427
2025-05-26 09:53|CK117|92.71|102.00|83.00|90.43|5119|77.61|398|25.06|306|83.32|438|76.11|330|53.31|1025|94.11|945|3442|111.00|74.00|4174|7107|995826
2025-05-26 09:53|CK118|10.17|11.00|9.00|10.98|2711|58.92|100|41.04|807|47.33|967|75.41|845|69.41|491|38.43|867|4077|12.00|8.00|4499|587|995501
2025-05-26 09:53|CK119|74.31|82.00|67.00|75.54|3697|16.24|478|49.36|390|16.79|1076|87.48|281|32.94|313|83.01|844|3382|89.00|59.00|2798|4448|997202
2025-05-26 09:53|CK120|78.19|86.00|70.00|82.92|797|53.82|315|64.06|105|29.43|371|20.88|593|66.71|930|92.39|466|2780|94.00|63.00|1848|2135|998152
2025-05-26 09:53|CK121|63.85|70.00|57.00|68.39|803|43.36|987|86.27|1066|91.02|679|19.48|178|94.95|256|33.38|539|3705|77.00|51.00|518|219|999482
2025-05-26 09:53|CK122|47.10|52.00|42.00|47.87|5070|94.34|202|78.93|721|55.48|621|16.50|914|77.27|254|92.14|120|2832|57.00|38.00|5548|4745|994452
2025-05-26 09:53|CK123|47.32|52.00|43.00|47.60|1271|42.85|917|17.71|604|58.15|460|60.34|304|48.22|377|41.95|707|3369|57.00|38.00|5119|5951|994881
2025-05-26 09:53|CK124|70.17|77.00|63.00|75.43|3549|37.42|155|44.24|645|77.36|747|86.52|700|21.78|978|64.34|438|3663|84.00|56.00|1768|4015|998232
2025-05-26 09:53|CK125|51.36|56.00|46.00|50.77|4891|66.39|516|48.54|313|79.06|603|71.81|287|58.48|273|62.77|764|2756|62.00|41.00|9119|2368|990881
2025-05-26 09:53|CK126|32.25|35.00|29.00|32.95|3748|24.67|646|13.47|258|15.98|1092|28.77|459|45.21|944|32.15|1041|4440|39.00|26.00|6181|5768|993819
2025-05-26 09:53|CK127|76.87|85.00|69.00|71.12|5385|70.04|579|50.24|155|45.10|634|30.98|149|37.85|900|43.84|802|3219|92.00|61.00|4319|1835|995681
2025-05-26 09:53|CK128|26.93|30.00|24.00|29.06|1134|27.34|139|35.72|383|34.69|948|95.15|740|60.95|187|12.80|176|2573|32.00|22.00|4198|921|995802
2025-05-26 09:53|CK129|13.80|15.00|12.00|12.72|3073|86.88|594|42.74|1048|98.70|927|83.71|654|49.08|521|93.60|881|4625|17.00|11.00|7890|1535|992110
2025-05-26 09:55|CK100|85.04|94.00|77.00|88.73|2651|50.37|297|47.49|846|49.38|176|47.04|529|76.78|502|45.92|407|2757|102.00|68.00|9653|1767|990347
2025-05-26 09:55|CK101|78.41|86.00|71.00|79.32|5466|39.46|593|91.42|163|40.21|645|59.77|543|15.28|499|12.48|285|2728|94.00|63.00|8287|3346|991713
2025-05-26 09:55|CK102|18.33|20.00|16.00|18.20|4662|20.57|838|59.88|1003|22.24|1075|36.04|709|45.49|494|23.90|311|4430|22.00|15.00|3852|9862|996148
2025-05-26 09:55|CK103|40.17|44.00|36.00|38.52|3004|46.79|167|41.76|668|95.33|901|75.14|328|26.78|736|54.16|249|3049|48.00|32.00|2510|5830|997490
2025-05-26 09:55|CK104|35.49|39.00|32.00|35.29|4588|23.84|778|84.76|681|64.69|736|82.74|424|68.28|125|67.31|442|3186|43.00|28.00|839|6507|999161
2025-05-26 09:55|CK105|65.32|72.00|59.00|68.24|3372|75.27|642|24.34|1021|97.49|206|56.18|219|72.51|324|97.52|192|2604|78.00|52.00|7709|7752|992291
2025-05-26 09:55|CK106|32.48|36.00|29.00|30.41|4341|27.36|662|57.71|896|68.11|169|99.00|255|28.03|233|20.98|1054|3269|39.00|26.00|1502|5183|998498
2025-05-26 09:55|CK107|24.49|27.00|22.00|26.65|797|57.11|1096|90.32|792|54.63|908|69.91|928|56.77|481|54.95|1086|5291|29.00|20.00|2290|2754|997710
2025-05-26 09:55|CK108|41.60|46.00|37.00|41.56|4889|64.05|1076|97.92|1078|42.20|450|63.42|286|40.38|742|39.78|712|4344|50.00|33.00|7573|4650|992427
2025-05-26 09:55|CK109|53.53|59.00|48.00|48.86|4815|40.33|1051|72.17|160|79.55|924|76.66|641|87.83|173|15.17|1033|3982|64.00|43.00|8879|8941|991121
2025-05-26 09:55|CK110|87.61|96.00|79.00|95.14|4349|43.26|462|23.48|643|85.67|597|38.22|596|80.13|944|53.00|712|3954|105.00|70.00|9397|9147|990603
2025-05-26 09:55|CK111|63.51|70.00|57.00|65.86|2887|70.46|798|50.09|1013|96.64|198|63.25|811|93.06|406|97.48|570|3796|76.00|51.00|2280|6256|997720
2025-05-26 09:55|CK112|25.08|28.00|23.00|27.50|3313|82.05|518|25.53|243|99.16|589|35.63|530|52.79|229|22.23|126|2235|30.00|20.00|6666|9800|993334
2025-05-26 09:55|CK113|40.64|45.00|37.00|44.05|3275|54.22|830|60.13|483|23.25|803|13.11|917|15.35|879|94.92|275|4187|49.00|33.00|5417|4644|994583
2025-05-26 09:55|CK114|96.14|106.00|87.00|100.78|4261|42.21|564|76.26|248|17.44|1060|48.47|829|48.22|899|76.32|296|3896|115.00|77.00|474|4078|999526
2025-05-26 09:55|CK115|69.12|76.00|62.00|64.20|1125|79.82|556|44.30|814|36.42|1073|10.93|294|92.18|377|54.97|1068|4182|83.00|55.00|2105|3405|997895
2025-05-26 09:55|CK116|66.71|73.00|60.00|60.27|3884|50.54|773|16.95|1059|79.66|476|84.05|561|23.50|774|70.44|241|3884|80.00|53.00|2296|8299|997704
2025-05-26 09:55|CK117|92.71|102.00|83.00|98.18|993|62.86|381|97.71|451|48.42|195|61.46|495|88.90|673|56.68|394|2589|111.00|74.00|5167|6641|994833
2025-05-26 09:55|CK118|10.17|11.00|9.00|9.89|1861|18.36|772|50.96|115|17.38|355|69.66|217|43.36|194|94.13|270|1923|12.00|8.00|1804|1921|998196
2025-05-26 09:55|CK119|74.31|82.00|67.00|79.93|5221|65.50|907|44.47|378|82.67|817|78.48|784|60.27|1083|72.05|918|4887|89.00|59.00|3917|8665|996083
2025-05-26 09:55|CK120|78.19|86.00|70.00|75.44|4730|98.81|337|12.46|938|25.03|884|83.44|583|54.28|907|76.83|1041|4690|94.00|63.00|945|3705|999055
2025-05-26 09:55|CK121|63.85|70.00|57.00|60.13|5368|62.49|260|61.34|478|20.56|494|34.18|248|79.40|863|74.96|619|2962|77.00|51.00|9387|4346|990613
2025-05-26 09:55|CK122|47.10|52.00|42.00|45.46|2352|72.09|711|89.24|561|76.38|477|77.92|906|36.61|577|73.98|437|3669|57.00|38.00|1067|4009|998933
2025-05-26 09:55|CK123|47.32|52.00|43.00|43.68|999|31.64|890|15.12|983|42.99|974|54.36|920|85.04|256|82.74|1071|5094|57.00|38.00|1482|924|998518
2025-05-26 09:55|CK124|70.17|77.00|63.00|65.39|1790|59.62|555|35.96|373|62.17|481|15.65|970|83.66|906|66.85|546|3831|84.00|56.00|1580|93|998420
2025-05-26 09:55|CK125|51.36|56.00|46.00|55.19|3755|11.89|723|59.40|209|53.28|591|15.81|718|98.26|710|25.69|274|3225|62.00|41.00|1638|5892|998362
2025-05-26 09:55|CK126|32.25|35.00|29.00|30.96|1914|17.76|564|59.87|369|85.17|284|18.62|1063|44.58|466|61.10|409|3155|39.00|26.00|1162|7764|998838
2025-05-26 09:55|CK127|76.87|85.00|69.00|74.08|3814|11.25|954|88.90|764|83.63|279|49.84|936|33.50|236|44.32|329|3498|92.00|61.00|4160|6106|995840
2025-05-26 09:55|CK128|26.93|30.00|24.00|27.40|4929|59.16|320|54.94|472|58.92|1023|19.12|792|73.54|545|87.19|420|3572|32.00|22.00|312|4166|999688
2025-05-26 09:55|CK129|13.80|15.00|12.00|13.30|1283|91.63|986|23.70|230|95.85|637|85.38|898|69.83|276|80.75|405|3432|17.00|11.00|806|780|999194
2025-05-26 09:56|CK100|85.04|94.00|77.00|89.38|4428|96.57|850|43.12|338|83.26|891|67.85|994|82.66|893|77.22|523|4489|102.00|68.00|2271|8906|997729
2025-05-26 09:56|CK101|78.41|86.00|71.00|75.32|1686|13.69|417|96.15|747|39.75|761|91.78|554|20.21|290|65.14|756|3525|94.00|63.00|6355|1199|993645
2025-05-26 09:56|CK102|18.33|20.00|16.00|17.95|5250|23.50|1019|13.37|1054|21.35|785|12.32|508|73.12|876|49.74|721|4963|22.00|15.00|1944|8759|998056
2025-05-26 09:56|CK103|40.17|44.00|36.00|38.96|1791|70.45|208|10.74|345|17.29|1085|13.84|715|78.73|300|70.16|573|3226|48.00|32.00|4955|2084|995045
2025-05-26 09:56|CK104|35.49|39.00|32.00|34.63|3962|33.30|707|48.21|328|85.20|834|73.07|280|65.76|774|72.01|297|3220|43.00|28.00|7629|357|992371
2025-05-26 09:56|CK105|65.32|72.00|59.00|65.26|1737|86.01|664|35.81|970|66.29|433|78.40|920|46.17|393|25.73|908|4288|78.00|52.00|9764|1674|990236
2025-05-26 09:56|CK106|32.48|36.00|29.00|34.50|2427|14.71|777|66.65|145|33.90|986|56.71|693|76.29|959|88.35|488|4048|39.00|26.00|4122|8419|995878
2025-05-26 09:56|CK107|24.49|27.00|22.00|26.16|4661|74.79|144|61.55|1091|70.67|789|20.69|594|34.02|599|32.36|651|3868|29.00|20.00|2890|9612|997110
2025-05-26 09:56|CK108|41.60|46.00|37.00|39.03|3487|37.43|601|60.68|760|95.43|871|23.55|831|85.78|363|64.42|214|3640|50.00|33.00|4986|2468|995014
2025-05-26 09:56|CK109|53.53|59.00|48.00|52.69|686|64.47|964|87.41|635|29.58|574|56.64|1005|59.58|520|36.22|1052|4750|64.00|43.00|923|3671|999077
2025-05-26 09:56|CK110|87.61|96.00|79.00|85.70|1566|90.66|802|97.15|387|97.65|1010|98.58|964|96.00|487|51.71|969|4619|105.00|70.00|1751|2834|998249
2025-05-26 09:56|CK111|63.51|70.00|57.00|63.87|3323|85.62|424|62.19|341|32.72|700|98.68|1056|78.15|264|24.44|582|3367|76.00|51.00|6213|2868|993787
2025-05-26 09:56|CK112|25.08|28.00|23.00|23.79|4959|37.42|1062|22.27|657|79.86|166|37.81|741|24.92|583|42.58|1003|4212|30.00|20.00|786|8512|999214
2025-05-26 09:56|CK113|40.64|45.00|37.00|42.82|2760|66.19|844|12.18|405|33.94|966|73.30|505|38.33|932|15.38|396|4048|49.00|33.00|2496|1072|997504
2025-05-26 09:56|CK114|96.14|106.00|87.00|90.68|4814|88.02|397|47.71|1057|30.82|140|57.93|1025|58.29|818|94.50|474|3911|115.00|77.00|3849|1372|996151
2025-05-26 09:56|CK115|69.12|76.00|62.00|71.08|3335|97.01|301|70.61|976|46.98|1028|76.19|895|98.35|1012|97.28|506|4718|83.00|55.00|30|3330|999970
2025-05-26 09:56|CK116|66.71|73.00|60.00|72.95|1498|92.07|717|16.66|754|47.15|768|83.69|1046|42.57|1038|72.29|587|4910|80.00|53.00|7429|8188|992571
2025-05-26 09:56|CK117|92.71|102.00|83.00|89.28|1039|19.73|982|76.42|183|10.95|874|99.33|1053|57.25|745|55.55|714|4551|111.00|74.00|2321|3864|997679
2025-05-26 09:56|CK118|10.17|11.00|9.00|10.88|2874|63.18|146|95.00|342|46.03|833|32.32|640|53.87|925|72.10|865|3751|12.00|8.00|8443|4306|991557
2025-05-26 09:56|CK119|74.31|82.00|67.00|67.15|4031|97.72|836|60.90|828|41.21|1051|55.08|934|63.26|964|86.08|366|4979|89.00|59.00|2451|4412|997549
2025-05-26 09:56|CK120|78.19|86.00|70.00|75.38|5137|66.84|989|56.26|357|88.72|798|37.57|1028|99.96|215|67.02|318|3705|94.00|63.00|9250|9029|990750
2025-05-26 09:56|CK121|63.85|70.00|57.00|63.76|5278|90.15|274|18.78|421|93.65|780|11.74|562|12.95|635|97.36|1052|3724|77.00|51.00|8012|5829|991988
2025-05-26 09:56|CK122|47.10|52.00|42.00|48.72|644|96.49|576|22.74|214|73.91|666|63.06|202|12.64|380|95.91|252|2290|57.00|38.00|6658|9233|993342
2025-05-26 09:56|CK123|47.32|52.00|43.00|49.46|3717|95.77|119|85.36|1076|42.67|360|49.36|934|70.26|198|51.12|275|2962|57.00|38.00|5802|6332|994198
2025-05-26 09:56|CK124|70.17|77.00|63.00|71.88|5458|56.14|962|38.15|434|30.33|933|66.06|188|70.77|535|13.55|851|3903|84.00|56.00|6131|4701|993869
2025-05-26 09:56|CK125|51.36|56.00|46.00|51.46|2818|79.13|410|60.73|227|62.50|289|41.67|122|58.85|1022|75.39|541|2611|62.00|41.00|1374|4762|998626
2025-05-26 09:56|CK126|32.25|35.00|29.00|35.32|3360|32.68|262|58.44|602|91.15|311|24.51|1032|86.06|1031|83.09|503|3741|39.00|26.00|5634|6084|994366
2025-05-26 09:56|CK127|76.87|85.00|69.00|74.07|3315|35.46|463|94.28|204|20.18|745|98.96|1092|15.49|585|49.64|1038|4127|92.00|61.00|7875|5178|992125
2025-05-26 09:56|CK128|26.93|30.00|24.00|24.83|4278|63.50|999|33.77|343|88.91|524|54.01|729|41.43|991|95.47|292|3878|32.00|22.00|4178|3276|995822
2025-05-26 09:56|CK129|13.80|15.00|12.00|13.38|3026|86.83|983|79.99|594|38.85|335|67.25|528|32.37|945|94.78|114|3499|17.00|11.00|1876|8846|998124
2025-05-26 09:57|CK100|85.04|94.00|77.00|89.34|4167|65.62|1028|10.90|472|34.20|1040|87.07|566|36.44|325|67.54|521|3952|102.00|68.00|9022|9008|990978
2025-05-26 09:57|CK101|78.41|86.00|71.00|77.56|3735|88.03|924|92.32|133|67.71|421|50.56|325|64.33|685|72.53|899|3387|94.00|63.00|4803|768|995197
2025-05-26 09:57|CK102|18.33|20.00|16.00|19.65|642|42.68|922|70.58|174|81.13|904|78.26|493|12.99|246|79.93|751|3490|22.00|15.00|9163|1418|990837
2025-05-26 09:57|CK103|40.17|44.00|36.00|44.16|3609|56.36|347|57.62|1042|26.25|894|47.03|437|83.22|849|50.98|486|4055|48.00|32.00|4623|548|995377
2025-05-26 09:57|CK104|35.49|39.00|32.00|38.44|1602|27.72|220|87.61|1011|99.97|783|82.06|370|21.75|984|33.54|604|3972|43.00|28.00|1075|70|998925
2025-05-26 09:57|CK105|65.32|72.00|59.00|64.65|1516|70.22|1059|22.90|164|21.36|1035|33.24|365|59.54|719|61.97|468|3810|78.00|52.00|7891|4242|992109
2025-05-26 09:57|CK106|32.48|36.00|29.00|30.51|3707|47.62|154|62.62|593|28.42|468|42.31|1080|29.46|253|11.52|513|3061|39.00|26.00|5246|5726|994754
2025-05-26 09:57|CK107|24.49|27.00|22.00|22.75|5308|59.91|1085|20.68|964|83.15|1025|59.54|1091|68.85|393|24.16|237|4795|29.00|20.00|6933|8666|993067
2025-05-26 09:57|CK108|41.60|46.00|37.00|37.63|4619|54.81|664|52.98|673|44.78|290|96.54|368|49.68|638|57.72|364|2997|50.00|33.00|1795|9711|998205
2025-05-26 09:57|CK109|53.53|59.00|48.00|51.70|5013|23.40|900|89.35|923|48.86|439|54.51|839|65.62|423|53.72|235|3759|64.00|43.00|8947|1649|991053
2025-05-26 09:57|CK110|87.61|96.00|79.00|92.11|5403|61.12|608|12.15|763|72.56|880|99.20|463|12.39|739|27.62|733|4186|105.00|70.00|9308|6135|990692
2025-05-26 09:57|CK111|63.51|70.00|57.00|69.86|745|39.66|1007|94.67|1085|51.36|996|55.82|636|47.46|884|95.03|863|5471|76.00|51.00|8928|5607|991072
2025-05-26 09:57|CK112|25.08|28.00|23.00|24.91|3943|42.66|311|17.04|246|45.00|520|41.56|973|62.39|426|55.38|982|3458|30.00|20.00|8457|8107|991543
2025-05-26 09:57|CK113|40.64|45.00|37.00|40.50|4934|46.35|385|41.39|846|32.17|549|56.35|573|87.28|501|51.73|333|3187|49.00|33.00|2090|5896|997910
2025-05-26 09:57|CK114|96.14|106.00|87.00|87.41|1952|26.86|411|91.88|600|26.52|407|55.21|1046|16.23|1027|59.75|333|3824|115.00|77.00|4426|7808|995574
2025-05-26 09:57|CK115|69.12|76.00|62.00|72.20|1350|46.59|695|29.12|798|82.29|477|68.72|1019|60.26|1016|36.50|425|4430|83.00|55.00|7395|7532|992605
2025-05-26 09:57|CK116|66.71|73.00|60.00|72.02|5160|54.43|183|49.76|1069|54.30|1066|96.55|564|83.03|934|59.64|582|4398|80.00|53.00|7878|970|992122
2025-05-26 09:57|CK117|92.71|102.00|83.00|91.22|817|27.13|635|43.09|805|28.01|1054|26.13|378|80.59|835|79.65|966|4673|111.00|74.00|825|9933|999175
2025-05-26 09:57|CK118|10.17|11.00|9.00|10.52|717|68.55|439|55.88|1069|56.78|204|41.81|199|51.59|391|77.77|854|3156|12.00|8.00|6273|5977|993727
2025-05-26 09:57|CK119|74.31|82.00|67.00|69.61|3250|70.89|655|80.98|237|66.79|936|54.37|240|69.06|1005|65.54|929|4002|89.00|59.00|9661|2510|990339
2025-05-26 09:57|CK120|78.19|86.00|70.00|71.09|3431|17.61|164|93.50|689|12.12|609|11.39|995|68.86|165|78.46|219|2841|94.00|63.00|6590|1375|993410
2025-05-26 09:57|CK121|63.85|70.00|57.00|69.52|1858|65.43|882|12.06|171|52.69|807|78.52|537|67.90|695|22.99|390|3482|77.00|51.00|917|390|999083
2025-05-26 09:57|CK122|47.10|52.00|42.00|46.11|3280|67.84|1095|87.87|188|41.23|1036|55.40|1094|92.70|517|32.05|256|4186|57.00|38.00|2819|4958|997181
2025-05-26 09:57|CK123|47.32|52.00|43.00|50.72|5228|55.28|160|46.14|636|12.63|117|66.14|827|99.87|529|66.64|211|2480|57.00|38.00|5470|6161|994530
2025-05-26 09:57|CK124|70.17|77.00|63.00|69.90|3726|98.16|106|35.73|336|17.40|355|98.19|380|45.94|204|44.98|962|2343|84.00|56.00|6076|2939|993924
2025-05-26 09:57|CK125|51.36|56.00|46.00|54.91|4600|34.07|1019|55.99|707|16.32|131|94.63|245|92.64|857|19.87|583|3542|62.00|41.00|662|4028|999338
2025-05-26 09:57|CK126|32.25|35.00|29.00|30.14|2635|40.54|1017|90.97|104|19.46|709|23.97|808|58.60|176|50.52|303|3117|39.00|26.00|5760|1452|994240
2025-05-26 09:57|CK127|76.87|85.00|69.00|83.72|5045|70.32|600|71.15|807|34.68|778|98.49|611|86.50|623|40.66|286|3705|92.00|61.00|998|8661|999002
2025-05-26 09:57|CK128|26.93|30.00|24.00|27.15|2747|95.48|871|11.91|452|55.31|457|13.58|699|38.38|826|83.34|779|4084|32.00|22.00|5474|8217|994526
2025-05-26 09:57|CK129|13.80|15.00|12.00|14.78|4136|30.31|914|40.98|746|82.04|311|99.15|206|29.81|952|13.29|906|4035|17.00|11.00|5649|9063|994351
2025-05-26 09:57|CK100|85.04|94.00|77.00|90.02|5357|27.00|187|11.09|201|80.96|192|34.19|1082|54.64|369|20.20|516|2547|102.00|68.00|5757|8165|994243
2025-05-26 09:57|CK101|78.41|86.00|71.00|79.45|563|83.03|502|25.78|311|14.01|571|37.42|273|70.13|549|68.71|1098|3304|94.00|63.00|7213|5201|992787
2025-05-26 09:57|CK102|18.33|20.00|16.00|16.56|2722|40.10|586|18.96|457|86.82|584|15.70|223|28.86|446|23.62|342|2638|22.00|15.00|7035|2290|992965
2025-05-26 09:57|CK103|40.17|44.00|36.00|43.96|1409|16.02|527|74.86|999|75.22|112|40.82|308|36.64|609|46.04|511|3066|48.00|32.00|8836|2850|991164
2025-05-26 09:57|CK104|35.49|39.00|32.00|34.88|4276|66.91|153|11.79|764|54.37|231|62.55|944|55.05|289|95.43|633|3014|43.00|28.00|8571|8888|991429
2025-05-26 09:57|CK105|65.32|72.00|59.00|62.11|2783|47.40|190|23.28|514|35.96|323|34.36|798|91.75|281|88.99|894|3000|78.00|52.00|2583|460|997417
2025-05-26 09:57|CK106|32.48|36.00|29.00|35.37|5279|48.21|877|26.56|284|92.31|964|57.28|581|75.06|198|15.24|894|3798|39.00|26.00|3649|7114|996351
2025-05-26 09:57|CK107|24.49|27.00|22.00|25.80|2640|69.46|892|91.04|330|86.71|1073|78.63|204|54.67|1050|78.54|570|4119|29.00|20.00|969|845|999031
2025-05-26 09:57|CK108|41.60|46.00|37.00|40.09|1053|62.69|675|70.06|196|41.07|271|15.07|822|93.33|893|66.61|981|3838|50.00|33.00|9418|6724|990582
2025-05-26 09:57|CK109|53.53|59.00|48.00|57.47|1531|17.78|396|42.54|1051|91.81|1094|41.03|369|49.36|842|79.07|569|4321|64.00|43.00|2155|5166|997845
2025-05-26 09:57|CK110|87.61|96.00|79.00|79.43|4801|48.22|444|98.33|346|51.65|953|21.63|854|87.00|1064|55.56|388|4049|105.00|70.00|4790|6859|995210
2025-05-26 09:57|CK111|63.51|70.00|57.00|57.78|4042|13.45|276|56.23|845|99.79|689|37.51|1070|41.46|878|63.09|391|4149|76.00|51.00|4979|9551|995021
2025-05-26 09:57|CK112|25.08|28.00|23.00|23.34|2298|50.81|160|47.82|932|88.59|415|60.55|1085|79.03|462|93.52|416|3470|30.00|20.00|8334|111|991666
2025-05-26 09:57|CK113|40.64|45.00|37.00|39.39|4328|94.49|633|75.14|562|46.47|112|38.37|689|83.40|293|12.53|789|3078|49.00|33.00|801|6675|999199
2025-05-26 09:57|CK114|96.14|106.00|87.00|88.45|3710|25.28|162|93.81|722|76.37|141|65.05|574|31.67|505|66.81|986|3090|115.00|77.00|9749|5195|990251
2025-05-26 09:57|CK115|69.12|76.00|62.00|62.77|4860|61.26|284|54.60|1032|34.91|241|43.79|378|32.13|190|99.93|199|2324|83.00|55.00|4282|9137|995718
2025-05-26 09:57|CK116|66.71|73.00|60.00|65.48|1912|21.89|163|77.24|261|90.59|1027|18.39|430|59.89|1015|80.37|134|3030|80.00|53.00|2598|5352|997402
2025-05-26 09:57|CK117|92.71|102.00|83.00|99.03|5206|48.57|1069|73.61|333|49.40|841|30.81|1088|71.93|343|14.41|138|3812|111.00|74.00|9934|8339|990066
2025-05-26 09:57|CK118|10.17|11.00|9.00|9.45|3319|82.72|283|30.49|629|75.25|934|14.27|831|72.97|171|49.58|759|3607|12.00|8.00|212|4497|999788
2025-05-26 09:57|CK119|74.31|82.00|67.00|69.81|4337|57.19|778|20.23|687|49.85|557|52.88|192|23.08|269|74.95|1004|3487|89.00|59.00|2425|4136|997575
2025-05-26 09:57|CK120|78.19|86.00|70.00|84.14|2239|49.88|493|54.62|382|62.28|838|40.37|437|34.41|588|92.03|513|3251|94.00|63.00|9087|1246|990913
2025-05-26 09:57|CK121|63.85|70.00|57.00|67.06|882|65.78|567|64.40|193|90.85|250|22.25|897|93.53|165|78.12|186|2258|77.00|51.00|6742|6522|993258
2025-05-26 09:57|CK122|47.10|52.00|42.00|44.42|4423|61.98|833|58.25|599|70.97|718|89.17|623|49.91|179|69.22|677|3629|57.00|38.00|2062|9543|997938
2025-05-26 09:57|CK123|47.32|52.00|43.00|46.61|1783|85.00|704|14.49|551|10.91|445|89.05|381|79.64|1085|85.59|862|4028|57.00|38.00|7864|4047|992136
2025-05-26 09:57|CK124|70.17|77.00|63.00|76.52|2628|27.31|172|60.11|346|10.51|299|87.32|764|91.09|322|17.82|815|2718|84.00|56.00|6760|5054|993240
2025-05-26 09:57|CK125|51.36|56.00|46.00|50.62|1226|61.18|206|44.53|870|45.35|552|68.55|339|46.85|453|31.97|199|2619|62.00|41.00|8092|9291|991908
2025-05-26 09:57|CK126|32.25|35.00|29.00|34.63|4207|36.85|262|36.91|196|74.12|130|70.40|719|49.21|386|37.32|519|2212|39.00|26.00|2680|2801|997320
2025-05-26 09:57|CK127|76.87|85.00|69.00|77.74|3076|32.53|563|24.52|904|49.67|719|66.11|487|40.00|967|26.70|908|4548|92.00|61.00|5198|1838|994802
2025-05-26 09:57|CK128|26.93|30.00|24.00|28.44|4463|27.56|513|87.62|685|57.30|452|86.33|106|80.41|152|99.06|613|2521|32.00|22.00|9154|1058|990846
2025-05-26 09:57|CK129|13.80|15.00|12.00|12.42|4615|19.41|423|33.69|898|72.84|657|76.77|731|83.98|917|84.47|540|4166|17.00|11.00|7076|5929|992924
2025-05-26 09:57|CK100|85.04|94.00|77.00|76.94|631|60.61|601|79.83|868|10.42|813|84.03|800|67.53|748|79.67|849|4679|102.00|68.00|2964|3975|997036
2025-05-26 09:57|CK101|78.41|86.00|71.00|71.54|2948|54.95|164|58.46|382|30.03|900|87.82|124|31.59|185|37.24|561|2316|94.00|63.00|9919|5365|990081
2025-05-26 09:57|CK102|18.33|20.00|16.00|16.84|5187|81.78|288|91.12|523|98.87|605|53.99|1066|62.23|974|52.42|191|3647|22.00|15.00|9408|8725|990592
2025-05-26 09:57|CK103|40.17|44.00|36.00|41.95|3639|34.56|273|43.52|115|79.90|435|98.73|796|16.53|838|65.07|501|2958|48.00|32.00|4902|1806|995098
2025-05-26 09:57|CK104|35.49|39.00|32.00|34.93|3782|43.35|491|15.82|660|79.70|1010|84.27|502|96.99|877|93.22|885|4425|43.00|28.00|6440|472|993560
2025-05-26 09:57|CK105|65.32|72.00|59.00|60.39|5428|84.03|447|28.58|949|56.48|970|70.24|770|95.15|574|73.96|611|4321|78.00|52.00|6462|360|993538
2025-05-26 09:57|CK106|32.48|36.00|29.00|32.03|2049|87.95|473|12.48|723|25.56|608|73.46|735|59.13|271|24.16|613|3423|39.00|26.00|8688|6173|991312
2025-05-26 09:57|CK107|24.49|27.00|22.00|22.43|2563|95.10|574|60.36|767|79.09|417|56.18|418|44.49|494|85.93|911|3581|29.00|20.00|4634|5582|995366
2025-05-26 09:57|CK108|41.60|46.00|37.00|41.99|1055|17.14|1072|91.51|398|50.77|488|38.70|419|61.29|486|14.15|161|3024|50.00|33.00|308|3998|999692
2025-05-26 09:57|CK109|53.53|59.00|48.00|53.28|4487|57.88|1042|18.18|190|51.53|614|61.11|714|39.11|262|79.07|201|3023|64.00|43.00|5544|2431|994456
2025-05-26 09:57|CK110|87.61|96.00|79.00|87.87|3593|37.28|1030|46.53|321|36.79|553|29.31|146|59.84|820|37.04|980|3850|105.00|70.00|4679|2181|995321
2025-05-26 09:57|CK111|63.51|70.00|57.00|67.18|4078|45.38|110|67.62|667|19.15|261|31.49|237|58.81|1072|77.94|369|2716|76.00|51.00|938|7362|999062
2025-05-26 09:57|CK112|25.08|28.00|23.00|27.19|4297|51.25|923|81.81|364|10.19|971|97.68|779|62.82|402|31.79|926|4365|30.00|20.00|4066|6881|995934
2025-05-26 09:57|CK113|40.64|45.00|37.00|38.89|749|11.39|291|61.99|648|34.34|163|96.22|131|17.65|1075|74.74|119|2427|49.00|33.00|4559|9806|995441
2025-05-26 09:57|CK114|96.14|106.00|87.00|90.38|2267|57.12|795|20.62|949|85.78|225|37.61|307|95.22|698|49.17|311|3285|115.00|77.00|6932|9298|993068
2025-05-26 09:57|CK115|69.12|76.00|62.00|66.25|1236|84.94|1069|53.57|516|79.17|715|42.47|428|71.08|175|69.25|148|3051|83.00|55.00|1278|7649|998722
2025-05-26 09:57|CK116|66.71|73.00|60.00|65.52|4804|96.52|849|48.77|303|70.45|139|30.90|512|24.79|982|22.59|798|3583|80.00|53.00|7140|3455|992860
2025-05-26 09:57|CK117|92.71|102.00|83.00|88.89|2948|83.20|519|22.59|477|64.75|296|97.77|471|16.96|856|85.79|251|2870|111.00|74.00|4057|8300|995943
2025-05-26 09:57|CK118|10.17|11.00|9.00|10.95|5160|16.20|478|75.11|191|93.89|796|80.55|859|33.00|1095|89.18|987|4406|12.00|8.00|1504|682|998496
2025-05-26 09:57|CK119|74.31|82.00|67.00|69.39|3699|18.20|1030|94.57|387|37.36|736|69.97|742|71.78|589|22.52|281|3765|89.00|59.00|6432|1459|993568
2025-05-26 09:57|CK120|78.19|86.00|70.00|77.82|3326|78.35|716|62.61|719|74.76|388|37.05|1048|53.86|529|96.90|464|3864|94.00|63.00|386|2925|999614
2025-05-26 09:57|CK121|63.85|70.00|57.00|60.24|3094|22.20|752|18.88|610|95.58|517|15.22|631|25.72|172|59.27|1053|3735|77.00|51.00|3929|5566|996071
2025-05-26 09:57|CK122|47.10|52.00|42.00|49.55|2106|25.78|206|76.65|355|26.45|391|45.63|550|81.95|184|25.77|407|2093|57.00|38.00|9366|9956|990634
2025-05-26 09:57|CK123|47.32|52.00|43.00|48.86|3867|49.25|566|29.59|345|95.03|516|23.63|542|11.16|858|24.32|620|3447|57.00|38.00|5146|8020|994854
2025-05-26 09:57|CK124|70.17|77.00|63.00|67.54|1288|20.10|316|78.81|266|86.64|783|61.17|1091|63.09|258|10.48|554|3268|84.00|56.00|6348|5761|993652
2025-05-26 09:57|CK125|51.36|56.00|46.00|47.48|1039|92.87|422|61.62|869|28.69|875|87.63|162|77.02|836|19.02|1011|4175|62.00|41.00|7450|7681|992550
2025-05-26 09:57|CK126|32.25|35.00|29.00|32.01|2050|33.52|531|90.64|525|69.60|121|91.47|1075|84.15|833|71.42|851|3936|39.00|26.00|1377|9559|998623
2025-05-26 09:57|CK127|76.87|85.00|69.00|78.86|2958|11.75|545|43.51|656|70.42|194|51.28|489|13.87|861|44.39|791|3536|92.00|61.00|7401|1502|992599
2025-05-26 09:57|CK128|26.93|30.00|24.00|28.05|2680|99.19|745|26.75|658|64.80|689|32.12|460|43.59|1038|48.45|841|4431|32.00|22.00|9549|1175|990451
2025-05-26 09:57|CK129|13.80|15.00|12.00|13.66|2073|53.79|575|59.65|844|11.06|349|40.41|578|15.19|327|17.90|974|3647|17.00|11.00|6679|3583|993321
2025-05-26 09:58|CK100|85.04|94.00|77.00|83.42|939|36.82|724|11.16|315|73.48|217|81.01|296|72.13|733|26.00|572|2857|102.00|68.00|7379|9474|992621
2025-05-26 09:58|CK101|78.41|86.00|71.00|77.33|2166|32.01|796|57.83|258|23.64|901|36.00|430|80.96|156|43.49|520|3061|94.00|63.00|7791|3404|992209
2025-05-26 09:58|CK102|18.33|20.00|16.00|19.19|1027|59.99|359|10.74|184|15.03|712|98.94|282|58.89|351|44.54|277|2165|22.00|15.00|7233|1998|992767
2025-05-26 09:58|CK103|40.17|44.00|36.00|40.44|1743|91.92|966|96.08|181|18.81|579|62.01|1051|47.03|176|28.25|992|3945|48.00|32.00|3547|3993|996453
2025-05-26 09:58|CK104|35.49|39.00|32.00|33.31|5301|33.29|821|49.65|746|65.86|356|71.54|189|73.58|463|42.90|545|3120|43.00|28.00|5035|5889|994965
2025-05-26 09:58|CK105|65.32|72.00|59.00|69.71|5436|75.08|875|78.53|1050|66.17|417|61.56|689|40.91|474|68.83|1079|4584|78.00|52.00|6123|3791|993877
2025-05-26 09:58|CK106|32.48|36.00|29.00|34.54|1115|56.48|792|55.32|448|71.59|717|30.35|186|61.99|1078|74.82|806|4027|39.00|26.00|9126|1827|990874
2025-05-26 09:58|CK107|24.49|27.00|22.00|26.27|4515|59.81|252|83.38|624|49.57|228|80.87|560|81.90|105|18.89|637|2406|29.00|20.00|3778|2335|996222
2025-05-26 09:58|CK108|41.60|46.00|37.00|43.23|3180|46.11|751|19.96|311|36.04|118|58.90|545|14.13|280|96.26|976|2981|50.00|33.00|7358|3095|992642
2025-05-26 09:58|CK109|53.53|59.00|48.00|49.63|4683|59.34|1016|39.50|764|17.93|838|72.17|559|82.07|887|36.21|553|4617|64.00|43.00|2761|7116|997239
2025-05-26 09:58|CK110|87.61|96.00|79.00|83.78|3212|36.72|536|24.10|938|56.04|722|65.69|1094|60.67|480|52.08|403|4173|105.00|70.00|9202|9561|990798
2025-05-26 09:58|CK111|63.51|70.00|57.00|62.23|2348|43.63|835|31.25|1081|11.71|1020|55.89|420|98.90|835|92.21|490|4681|76.00|51.00|7268|1490|992732
2025-05-26 09:58|CK112|25.08|28.00|23.00|22.79|2855|93.59|1027|47.80|561|31.78|341|75.00|921|36.57|849|86.23|881|4580|30.00|20.00|5896|2877|994104
2025-05-26 09:58|CK113|40.64|45.00|37.00|43.66|3105|16.92|1098|69.30|292|64.30|910|50.43|600|59.11|896|92.86|822|4618|49.00|33.00|388|6426|999612
2025-05-26 09:58|CK114|96.14|106.00|87.00|102.47|3205|42.27|1037|60.86|120|81.86|680|97.52|1089|72.91|809|13.93|219|3954|115.00|77.00|9689|5167|990311
2025-05-26 09:58|CK115|69.12|76.00|62.00|71.31|2999|66.07|108|52.63|925|58.84|468|43.41|620|55.15|168|55.48|100|2389|83.00|55.00|7798|6917|992202
2025-05-26 09:58|CK116|66.71|73.00|60.00|70.49|3037|26.68|394|37.81|779|49.33|1055|88.67|543|36.27|184|77.24|585|3540|80.00|53.00|2361|3995|997639
2025-05-26 09:58|CK117|92.71|102.00|83.00|92.15|1854|80.34|550|39.17|919|27.29|642|80.43|996|86.87|128|73.35|908|4143|111.00|74.00|3297|8754|996703
2025-05-26 09:58|CK118|10.17|11.00|9.00|10.95|1905|69.60|1084|42.98|460|18.55|827|85.76|719|84.34|525|90.47|932|4547|12.00|8.00|8657|5018|991343
2025-05-26 09:58|CK119|74.31|82.00|67.00|80.91|4649|53.55|945|74.68|189|25.84|141|37.46|204|94.75|759|59.75|303|2541|89.00|59.00|9810|7093|990190
2025-05-26 09:58|CK120|78.19|86.00|70.00|80.21|4154|82.62|1009|95.65|279|40.50|507|47.19|181|67.82|477|89.17|497|2950|94.00|63.00|2358|682|997642
2025-05-26 09:58|CK121|63.85|70.00|57.00|61.43|1180|13.56|974|46.99|880|64.89|670|87.28|338|13.23|400|49.99|118|3380|77.00|51.00|3343|8567|996657
2025-05-26 09:58|CK122|47.10|52.00|42.00|46.96|1044|58.44|718|55.46|1098|10.88|588|21.85|889|57.83|695|46.25|1099|5087|57.00|38.00|3058|4011|996942
2025-05-26 09:58|CK123|47.32|52.00|43.00|51.18|3919|75.73|159|31.74|373|79.85|134|52.04|823|65.05|319|99.88|357|2165|57.00|38.00|4560|471|995440
2025-05-26 09:58|CK124|70.17|77.00|63.00|65.30|3688|97.42|215|91.03|1026|78.96|1082|93.53|778|90.43|561|73.02|343|4005|84.00|56.00|4937|4845|995063
2025-05-26 09:58|CK125|51.36|56.00|46.00|53.87|1570|10.29|411|19.62|748|89.11|781|36.66|614|21.67|125|57.42|371|3050|62.00|41.00|276|4094|999724
2025-05-26 09:58|CK126|32.25|35.00|29.00|34.74|4114|22.12|313|67.88|392|39.10|877|19.06|601|24.39|235|13.89|547|2965|39.00|26.00|1115|8588|998885
2025-05-26 09:58|CK127|76.87|85.00|69.00|75.47|4938|54.51|762|48.95|869|13.35|166|69.53|1054|46.22|452|27.43|109|3412|92.00|61.00|5907|591|994093
2025-05-26 09:58|CK128|26.93|30.00|24.00|28.44|1249|56.53|818|13.01|571|85.45|429|89.05|432|14.13|1039|60.76|921|4210|32.00|22.00|5978|6123|994022
2025-05-26 09:58|CK129|13.80|15.00|12.00|12.75|2725|10.40|439|50.33|616|24.97|1018|30.08|563|72.35|466|87.83|761|3863|17.00|11.00|8448|8189|991552
2025-05-26 09:58|CK100|85.04|94.00|77.00|82.59|2033|68.34|622|22.18|594|77.54|714|54.33|668|65.19|388|20.28|734|3720|102.00|68.00|7019|762|992981
2025-05-26 09:58|CK101|78.41|86.00|71.00|80.16|2631|70.58|621|19.89|674|33.29|847|94.37|1082|90.41|439|33.43|983|4646|94.00|63.00|9436|7676|990564
2025-05-26 09:58|CK102|18.33|20.00|16.00|18.08|4392|22.75|919|56.91|767|87.58|1078|41.43|416|77.51|1002|64.47|213|4395|22.00|15.00|817|1420|999183
2025-05-26 09:58|CK103|40.17|44.00|36.00|41.95|5237|88.59|1015|70.07|988|23.81|874|57.64|834|79.63|523|66.39|263|4497|48.00|32.00|2991|7705|997009
2025-05-26 09:58|CK104|35.49|39.00|32.00|33.00|3438|60.65|688|62.38|306|75.95|983|42.76|239|11.54|249|63.16|1006|3471|43.00|28.00|9020|8130|990980
2025-05-26 09:58|CK105|65.32|72.00|59.00|63.73|5312|48.21|1082|42.35|443|54.16|112|40.47|756|24.47|904|32.29|435|3732|78.00|52.00|2138|5285|997862
2025-05-26 09:58|CK106|32.48|36.00|29.00|31.93|5247|15.32|209|82.79|913|51.13|495|29.11|689|65.38|157|34.60|1036|3499|39.00|26.00|7973|3752|992027
2025-05-26 09:58|CK107|24.49|27.00|22.00|25.72|2206|33.60|568|53.91|974|74.27|1037|19.05|154|85.58|935|59.13|527|4195|29.00|20.00|3468|8028|996532
2025-05-26 09:58|CK108|41.60|46.00|37.00|40.87|5206|93.77|829|81.10|463|11.97|1046|74.69|103|95.48|677|45.73|505|3623|50.00|33.00|6416|8080|993584
2025-05-26 09:58|CK109|53.53|59.00|48.00|54.93|1586|18.50|588|29.34|923|95.17|963|92.76|663|83.32|986|20.97|978|5101|64.00|43.00|3781|4820|996219
2025-05-26 09:58|CK110|87.61|96.00|79.00|94.13|668|90.60|815|98.58|928|96.90|957|58.95|573|81.10|475|77.75|395|4143|105.00|70.00|7711|9062|992289
2025-05-26 09:58|CK111|63.51|70.00|57.00|60.37|5212|66.89|970|43.65|654|45.77|205|41.71|426|89.86|255|79.88|678|3188|76.00|51.00|3273|3642|996727
2025-05-26 09:58|CK112|25.08|28.00|23.00|25.44|2999|67.71|794|75.78|328|88.29|765|29.73|182|60.09|704|41.28|524|3297|30.00|20.00|7687|6852|992313
2025-05-26 09:58|CK113|40.64|45.00|37.00|36.65|1953|78.93|501|73.96|457|74.00|557|23.26|767|87.11|683|94.57|1008|3973|49.00|33.00|2911|9885|997089
2025-05-26 09:58|CK114|96.14|106.00|87.00|88.43|4413|16.20|464|99.30|150|16.82|127|18.37|739|58.05|965|96.45|275|2720|115.00|77.00|7550|7624|992450
2025-05-26 09:58|CK115|69.12|76.00|62.00|74.09|5230|14.54|1092|91.53|962|24.34|768|56.24|978|81.02|160|92.58|1046|5006|83.00|55.00|5897|1148|994103
2025-05-26 09:58|CK116|66.71|73.00|60.00|66.02|4548|21.29|822|79.16|115|90.28|549|46.72|646|34.84|905|51.51|812|3849|80.00|53.00|6579|5126|993421
2025-05-26 09:58|CK117|92.71|102.00|83.00|91.68|545|50.55|131|26.58|671|98.96|622|41.74|654|22.67|180|51.37|401|2659|111.00|74.00|4412|1146|995588
2025-05-26 09:58|CK118|10.17|11.00|9.00|9.95|4765|68.55|980|12.40|266|44.40|535|69.49|447|18.43|251|80.94|671|3150|12.00|8.00|6794|9509|993206
2025-05-26 09:58|CK119|74.31|82.00|67.00|73.00|4638|64.40|896|21.88|288|11.49|473|26.43|744|46.56|756|18.74|368|3525|89.00|59.00|9791|5185|990209
2025-05-26 09:58|CK120|78.19|86.00|70.00|85.06|2187|65.88|373|80.53|186|67.31|898|60.79|489|50.55|267|59.82|565|2778|94.00|63.00|6362|7872|993638
2025-05-26 09:58|CK121|63.85|70.00|57.00|68.14|2936|29.92|645|13.63|832|66.22|326|70.87|583|60.12|136|44.87|690|3212|77.00|51.00|4081|6966|995919
2025-05-26 09:58|CK122|47.10|52.00|42.00|50.19|2189|96.69|879|44.62|480|21.40|609|16.63|529|74.18|815|94.76|923|4235|57.00|38.00|6865|8923|993135
2025-05-26 09:58|CK123|47.32|52.00|43.00|44.45|2301|79.02|615|61.23|793|58.73|282|44.71|133|35.65|477|64.23|155|2455|57.00|38.00|5807|7676|994193
2025-05-26 09:58|CK124|70.17|77.00|63.00|68.19|3265|55.88|794|89.52|188|49.49|389|20.32|1035|28.10|1096|74.52|911|4413|84.00|56.00|4317|785|995683
2025-05-26 09:58|CK125|51.36|56.00|46.00|53.11|5003|92.43|715|14.59|264|49.93|839|61.35|275|20.93|879|10.01|362|3334|62.00|41.00|4208|3605|995792
2025-05-26 09:58|CK126|32.25|35.00|29.00|33.41|4120|44.13|274|74.09|900|42.25|331|24.86|758|69.13|677|16.43|683|3623|39.00|26.00|5553|1381|994447
2025-05-26 09:58|CK127|76.87|85.00|69.00|83.55|3236|47.95|868|70.96|758|29.87|543|66.42|504|91.65|612|40.99|555|3840|92.00|61.00|1126|9497|998874
2025-05-26 09:58|CK128|26.93|30.00|24.00|29.30|3826|42.62|626|42.45|206|63.97|374|95.59|426|44.89|115|19.92|473|2220|32.00|22.00|9715|3175|990285
2025-05-26 09:58|CK129|13.80|15.00|12.00|13.43|1619|18.81|400|12.08|862|46.54|349|89.17|944|21.11|1087|28.30|138|3780|17.00|11.00|112|6439|999888
2025-05-26 09:59|CK100|85.04|94.00|77.00|90.49|661|48.36|529|30.17|917|75.19|834|76.62|238|89.71|393|82.59|707|3618|102.00|68.00|9778|8029|990222
2025-05-26 09:59|CK101|78.41|86.00|71.00|83.09|1115|99.79|461|45.45|639|62.10|388|85.45|833|53.95|861|61.58|741|3923|94.00|63.00|4750|5028|995250
2025-05-26 09:59|CK102|18.33|20.00|16.00|18.56|2229|72.98|170|40.24|805|59.57|530|40.93|262|61.30|474|49.02|1010|3251|22.00|15.00|2689|2116|997311
2025-05-26 09:59|CK103|40.17|44.00|36.00|37.10|4507|28.08|195|76.88|463|15.55|206|55.95|222|58.41|901|89.50|443|2430|48.00|32.00|8951|5688|991049
2025-05-26 09:59|CK104|35.49|39.00|32.00|32.27|4645|71.57|618|30.25|236|13.47|925|10.90|682|76.58|251|55.12|177|2889|43.00|28.00|6745|2292|993255
2025-05-26 09:59|CK105|65.32|72.00|59.00|71.34|4088|14.36|746|47.92|673|65.45|682|53.79|1022|49.20|639|87.91|1013|4775|78.00|52.00|7456|353|992544
2025-05-26 09:59|CK106|32.48|36.00|29.00|32.06|1869|97.72|900|85.15|948|62.61|1067|47.13|425|20.17|1095|68.35|245|4680|39.00|26.00|9915|7647|990085
2025-05-26 09:59|CK107|24.49|27.00|22.00|24.83|4551|85.14|542|70.36|440|43.44|313|59.70|860|73.65|123|79.11|366|2644|29.00|20.00|5807|2301|994193
2025-05-26 09:59|CK108|41.60|46.00|37.00|41.96|3236|92.86|532|76.89|571|29.10|624|29.94|345|84.11|400|92.50|404|2876|50.00|33.00|9249|508|990751
2025-05-26 09:59|CK109|53.53|59.00|48.00|56.52|3949|55.41|651|11.47|483|93.37|454|45.33|789|15.93|162|57.66|465|3004|64.00|43.00|2245|3423|997755
2025-05-26 09:59|CK110|87.61|96.00|79.00|86.61|1491|88.31|796|90.29|492|60.31|885|67.48|423|74.24|963|56.78|862|4421|105.00|70.00|7849|2644|992151
2025-05-26 09:59|CK111|63.51|70.00|57.00|61.05|2340|54.38|1014|95.23|1020|91.34|917|19.10|309|84.05|936|49.61|762|4958|76.00|51.00|6780|3093|993220
2025-05-26 09:59|CK112|25.08|28.00|23.00|26.94|4291|90.41|116|27.20|329|46.13|228|51.80|490|17.16|1055|40.72|573|2791|30.00|20.00|9734|8263|990266
2025-05-26 09:59|CK113|40.64|45.00|37.00|40.57|1509|54.51|348|63.36|513|95.30|846|52.85|724|43.65|498|66.20|562|3491|49.00|33.00|3299|7604|996701
2025-05-26 09:59|CK114|96.14|106.00|87.00|88.23|5151|39.93|960|50.81|156|17.89|751|32.81|855|85.56|961|99.85|504|4187|115.00|77.00|6393|4415|993607
2025-05-26 09:59|CK115|69.12|76.00|62.00|62.44|3455|27.97|1067|72.44|288|85.74|204|30.15|141|22.40|542|51.56|162|2404|83.00|55.00|695|894|999305
2025-05-26 09:59|CK116|66.71|73.00|60.00|63.02|5331|83.89|500|80.83|866|84.37|717|78.58|1003|78.52|191|92.53|694|3971|80.00|53.00|3060|9697|996940
2025-05-26 09:59|CK117|92.71|102.00|83.00|100.65|3701|84.39|433|62.85|1039|60.91|938|13.51|430|33.33|174|85.08|1044|4058|111.00|74.00|1449|1971|998551
2025-05-26 09:59|CK118|10.17|11.00|9.00|9.91|3518|32.56|315|90.42|586|45.36|951|93.01|743|61.11|153|51.49|822|3570|12.00|8.00|3568|5291|996432
2025-05-26 09:59|CK119|74.31|82.00|67.00|70.91|3124|39.51|1014|65.59|967|99.33|725|42.48|1052|50.19|1046|30.39|1082|5886|89.00|59.00|8641|6236|991359
2025-05-26 09:59|CK120|78.19|86.00|70.00|76.78|2710|30.19|827|41.62|450|91.93|902|22.72|161|67.41|506|72.88|729|3575|94.00|63.00|6879|1955|993121
2025-05-26 09:59|CK121|63.85|70.00|57.00|58.32|3420|53.55|321|83.27|149|55.31|318|18.49|441|17.13|626|37.41|1026|2881|77.00|51.00|5309|4637|994691
2025-05-26 09:59|CK122|47.10|52.00|42.00|50.86|4094|70.74|1076|46.38|408|29.50|479|59.51|732|94.99|973|42.16|177|3845|57.00|38.00|1532|5223|998468
2025-05-26 09:59|CK123|47.32|52.00|43.00|48.14|4637|35.22|971|67.74|935|61.32|1082|69.94|311|35.01|541|53.92|489|4329|57.00|38.00|2684|2195|997316
2025-05-26 09:59|CK124|70.17|77.00|63.00|64.54|4992|41.36|509|29.99|651|67.27|221|31.36|204|71.04|336|99.67|982|2903|84.00|56.00|3767|9754|996233
2025-05-26 09:59|CK125|51.36|56.00|46.00|50.62|999|74.31|356|44.13|945|47.31|1038|53.60|753|76.95|946|20.05|190|4228|62.00|41.00|499|5687|999501
2025-05-26 09:59|CK126|32.25|35.00|29.00|33.94|3222|52.25|156|94.89|989|47.43|516|51.83|193|25.28|791|96.53|238|2883|39.00|26.00|6829|2867|993171
2025-05-26 09:59|CK127|76.87|85.00|69.00|79.02|579|24.98|429|39.43|356|36.48|591|28.47|365|87.21|320|19.01|745|2806|92.00|61.00|8909|7335|991091
2025-05-26 09:59|CK128|26.93|30.00|24.00|26.87|4923|18.38|496|63.96|842|42.31|844|91.72|738|74.14|617|35.06|793|4330|32.00|22.00|4653|7882|995347
2025-05-26 09:59|CK129|13.80|15.00|12.00|12.63|2852|46.38|426|10.83|829|69.56|511|83.75|1004|49.74|996|67.05|744|4510|17.00|11.00|728|7514|999272
2025-05-26 10:00|CK100|85.04|94.00|77.00|92.98|1081|50.36|697|21.25|686|71.67|145|31.11|656|75.42|696|38.79|209|3089|102.00|68.00|3974|5825|996026
2025-05-26 10:00|CK101|78.41|86.00|71.00|79.49|1101|94.88|134|34.38|615|19.72|977|31.55|250|33.78|770|21.00|802|3548|94.00|63.00|7476|6984|992524
2025-05-26 10:00|CK102|18.33|20.00|16.00|17.96|3591|47.92|162|42.01|508|51.74|488|37.58|174|53.53|1003|62.46|515|2850|22.00|15.00|6509|541|993491
2025-05-26 10:00|CK103|40.17|44.00|36.00|36.96|1969|58.06|938|12.32|245|62.35|425|74.75|555|28.96|523|85.74|213|2899|48.00|32.00|8380|763|991620
2025-05-26 10:00|CK104|35.49|39.00|32.00|32.15|4145|89.28|957|33.22|232|64.37|1066|25.90|754|11.92|1026|32.59|520|4555|43.00|28.00|5038|920|994962
2025-05-26 10:00|CK105|65.32|72.00|59.00|59.01|3924|81.29|877|99.41|749|58.58|1006|24.80|305|59.36|785|24.98|270|3992|78.00|52.00|2307|2364|997693
2025-05-26 10:00|CK106|32.48|36.00|29.00|29.31|2423|43.70|274|13.20|412|34.62|154|33.56|724|74.34|380|22.02|788|2732|39.00|26.00|2836|3901|997164
2025-05-26 10:00|CK107|24.49|27.00|22.00|24.33|4768|92.93|312|68.14|404|44.46|356|90.47|1040|89.72|832|91.15|184|3128|29.00|20.00|954|4243|999046
2025-05-26 10:00|CK108|41.60|46.00|37.00|43.94|4400|25.68|407|36.03|974|57.39|558|54.61|983|52.77|820|95.97|502|4244|50.00|33.00|8807|2907|991193
2025-05-26 10:00|CK109|53.53|59.00|48.00|52.99|4496|99.78|1017|30.32|182|31.96|117|64.10|608|59.12|791|46.68|383|3098|64.00|43.00|4935|6380|995065
2025-05-26 10:00|CK110|87.61|96.00|79.00|88.44|2535|44.13|376|95.11|597|60.03|428|73.91|372|53.74|173|52.10|642|2588|105.00|70.00|1842|6532|998158
2025-05-26 10:00|CK111|63.51|70.00|57.00|61.94|4945|20.43|1089|89.04|289|95.96|198|25.33|1066|82.16|909|74.67|104|3655|76.00|51.00|581|440|999419
2025-05-26 10:00|CK112|25.08|28.00|23.00|22.83|3970|38.21|292|18.23|969|30.04|919|59.69|372|80.66|347|24.07|828|3727|30.00|20.00|4718|2149|995282
2025-05-26 10:00|CK113|40.64|45.00|37.00|43.20|3130|38.12|598|26.81|114|97.18|119|98.19|235|21.87|409|52.46|675|2150|49.00|33.00|7446|3297|992554
2025-05-26 10:00|CK114|96.14|106.00|87.00|87.24|1603|93.89|472|17.88|924|66.52|309|58.81|215|78.12|404|89.03|146|2470|115.00|77.00|4111|1866|995889
2025-05-26 10:00|CK115|69.12|76.00|62.00|65.34|2724|80.63|915|88.14|525|89.71|1030|12.49|510|83.97|848|96.04|393|4221|83.00|55.00|6909|5687|993091
2025-05-26 10:00|CK116|66.71|73.00|60.00|71.06|880|45.55|391|36.24|105|60.91|133|63.01|400|36.89|172|89.67|1045|2246|80.00|53.00|3488|2103|996512
2025-05-26 10:00|CK117|92.71|102.00|83.00|94.02|1397|91.32|314|46.54|407|81.43|567|23.23|622|69.33|1036|71.54|221|3167|111.00|74.00|8014|3228|991986
2025-05-26 10:00|CK118|10.17|11.00|9.00|10.00|1435|62.55|414|24.49|1008|70.87|519|33.84|373|10.44|850|94.74|387|3551|12.00|8.00|2816|9932|997184
2025-05-26 10:00|CK119|74.31|82.00|67.00|78.83|1193|88.90|184|97.38|404|46.50|173|27.36|485|98.69|493|79.71|168|1907|89.00|59.00|6147|877|993853
2025-05-26 10:00|CK120|78.19|86.00|70.00|74.97|614|78.91|1024|99.81|1025|17.77|298|70.65|415|37.03|637|93.31|377|3776|94.00|63.00|4342|6833|995658
2025-05-26 10:00|CK121|63.85|70.00|57.00|66.00|3067|39.56|670|63.70|884|89.72|801|35.56|686|86.69|210|44.90|689|3940|77.00|51.00|4623|8736|995377
2025-05-26 10:00|CK122|47.10|52.00|42.00|44.91|4563|34.93|705|22.76|678|30.10|651|55.44|676|16.74|572|48.99|353|3635|57.00|38.00|6693|6753|993307
2025-05-26 10:00|CK123|47.32|52.00|43.00|49.74|2663|67.54|119|94.56|1078|44.89|561|51.88|735|88.67|139|77.61|255|2887|57.00|38.00|672|414|999328
2025-05-26 10:00|CK124|70.17|77.00|63.00|69.27|2093|22.12|862|11.08|341|37.38|857|80.77|973|55.74|732|59.50|158|3923|84.00|56.00|174|5606|999826
2025-05-26 10:00|CK125|51.36|56.00|46.00|48.89|785|45.83|1054|32.79|749|79.26|243|35.03|972|22.95|973|13.71|894|4885|62.00|41.00|282|6444|999718
2025-05-26 10:00|CK126|32.25|35.00|29.00|32.84|3055|64.20|645|99.31|851|63.76|471|14.93|871|89.45|208|45.01|982|4028|39.00|26.00|3722|67|996278
2025-05-26 10:00|CK127|76.87|85.00|69.00|71.54|2549|66.05|244|88.48|330|16.19|359|93.09|820|63.27|293|68.25|268|2314|92.00|61.00|9802|7770|990198
2025-05-26 10:00|CK128|26.93|30.00|24.00|27.76|979|35.52|267|76.07|1051|49.76|661|34.56|324|42.09|426|27.24|151|2880|32.00|22.00|1133|6373|998867
2025-05-26 10:00|CK129|13.80|15.00|12.00|14.02|2654|46.32|247|42.02|586|98.62|700|43.31|146|88.42|518|52.93|413|2610|17.00|11.00|4299|3848|995701
2025-05-26 10:01|CK100|85.04|94.00|77.00|81.58|2299|71.39|190|87.95|541|25.07|786|18.36|323|65.06|731|37.38|476|3047|102.00|68.00|7180|2053|992820
2025-05-26 10:01|CK101|78.41|86.00|71.00|76.22|3632|44.68|605|82.48|256|30.98|1028|66.26|458|68.68|939|95.80|1066|4352|94.00|63.00|660|9811|999340
2025-05-26 10:01|CK102|18.33|20.00|16.00|18.40|1790|10.13|259|43.34|486|80.66|808|57.50|598|26.27|246|23.13|813|3210|22.00|15.00|3842|2319|996158
2025-05-26 10:01|CK103|40.17|44.00|36.00|43.06|5063|81.93|328|90.54|363|60.33|232|68.47|362|74.53|844|80.59|309|2438|48.00|32.00|9559|7094|990441
2025-05-26 10:01|CK104|35.49|39.00|32.00|36.73|1368|39.45|109|60.87|645|54.03|675|86.50|148|14.53|1013|47.95|737|3327|43.00|28.00|5085|6090|994915
2025-05-26 10:01|CK105|65.32|72.00|59.00|61.66|1890|65.68|667|44.77|1089|89.87|510|73.75|258|29.82|117|64.07|1011|3652|78.00|52.00|3530|8125|996470
2025-05-26 10:01|CK106|32.48|36.00|29.00|35.13|2568|19.07|643|47.65|597|26.91|958|77.83|560|87.48|582|49.61|158|3498|39.00|26.00|380|3140|999620
2025-05-26 10:01|CK107|24.49|27.00|22.00|26.46|5407|72.51|589|64.97|776|47.90|213|95.73|464|83.09|983|37.23|491|3516|29.00|20.00|7861|6181|992139
2025-05-26 10:01|CK108|41.60|46.00|37.00|43.62|4689|71.51|866|96.69|1006|85.79|550|44.22|530|46.93|657|47.03|821|4430|50.00|33.00|4382|5281|995618
2025-05-26 10:01|CK109|53.53|59.00|48.00|50.77|5396|93.13|998|58.04|689|12.71|890|94.28|977|75.79|975|87.28|857|5386|64.00|43.00|2339|8746|997661
2025-05-26 10:01|CK110|87.61|96.00|79.00|80.69|2261|38.72|376|67.12|935|34.91|551|44.89|463|68.84|126|53.62|367|2818|105.00|70.00|2051|8390|997949
2025-05-26 10:01|CK111|63.51|70.00|57.00|62.88|1262|62.42|144|58.32|1040|17.74|836|68.52|162|86.46|442|90.61|398|3022|76.00|51.00|1778|5733|998222
2025-05-26 10:01|CK112|25.08|28.00|23.00|25.06|5037|32.66|117|19.72|475|12.20|731|74.21|657|74.61|168|34.54|1030|3178|30.00|20.00|5214|1095|994786
2025-05-26 10:01|CK113|40.64|45.00|37.00|37.48|2168|39.86|1068|34.50|614|73.33|145|65.65|683|28.49|224|19.73|768|3502|49.00|33.00|1007|9176|998993
2025-05-26 10:01|CK114|96.14|106.00|87.00|98.95|1008|51.72|741|66.26|426|63.20|895|26.75|700|47.93|254|12.78|830|3846|115.00|77.00|7402|3489|992598
2025-05-26 10:01|CK115|69.12|76.00|62.00|65.17|4441|34.71|617|36.29|956|57.87|256|67.79|626|49.11|116|78.37|1031|3602|83.00|55.00|4169|2600|995831
2025-05-26 10:01|CK116|66.71|73.00|60.00|67.66|1327|27.70|1024|89.94|1012|18.54|495|95.49|789|68.11|550|48.42|220|4090|80.00|53.00|6723|896|993277
2025-05-26 10:01|CK117|92.71|102.00|83.00|99.63|4029|53.41|220|90.32|380|45.16|751|50.89|358|69.09|894|74.93|204|2807|111.00|74.00|3320|9423|996680
2025-05-26 10:01|CK118|10.17|11.00|9.00|10.24|2284|32.38|1058|88.19|638|18.95|641|93.63|682|97.89|120|87.36|131|3270|12.00|8.00|8830|6368|991170
2025-05-26 10:01|CK119|74.31|82.00|67.00|78.61|3944|52.05|403|17.78|525|58.58|640|14.98|994|29.04|465|14.46|474|3501|89.00|59.00|7401|6675|992599
2025-05-26 10:01|CK120|78.19|86.00|70.00|82.67|937|40.12|172|76.13|305|17.15|943|16.69|762|57.07|493|64.69|1069|3744|94.00|63.00|6146|1694|993854
2025-05-26 10:01|CK121|63.85|70.00|57.00|61.13|2855|20.93|912|78.62|570|26.60|549|40.44|863|17.31|207|29.75|945|4046|77.00|51.00|8927|5866|991073
2025-05-26 10:01|CK122|47.10|52.00|42.00|48.30|5327|39.20|962|70.71|859|81.74|627|32.00|127|27.96|226|49.10|338|3139|57.00|38.00|9819|1937|990181
2025-05-26 10:01|CK123|47.32|52.00|43.00|42.77|3665|64.39|326|12.27|127|87.56|377|69.97|761|48.04|366|34.51|641|2598|57.00|38.00|9048|5106|990952
2025-05-26 10:01|CK124|70.17|77.00|63.00|68.99|767|52.15|132|56.36|515|91.32|744|78.21|219|43.04|250|97.53|917|2777|84.00|56.00|7908|7264|992092
2025-05-26 10:01|CK125|51.36|56.00|46.00|49.42|1194|29.38|1076|58.94|460|84.98|173|27.83|510|57.43|348|58.10|436|3003|62.00|41.00|485|5341|999515
2025-05-26 10:01|CK126|32.25|35.00|29.00|33.16|3946|18.05|261|94.74|1059|67.14|890|97.10|615|23.28|1052|55.13|133|4010|39.00|26.00|4029|7604|995971
2025-05-26 10:01|CK127|76.87|85.00|69.00|74.41|2928|52.38|732|20.45|245|32.42|1063|15.69|359|25.13|253|60.76|1072|3724|92.00|61.00|710|1441|999290
2025-05-26 10:01|CK128|26.93|30.00|24.00|26.55|1383|96.83|658|20.22|116|88.45|719|49.91|914|28.02|339|37.89|956|3702|32.00|22.00|1295|589|998705
2025-05-26 10:01|CK129|13.80|15.00|12.00|14.46|2868|21.77|519|17.16|1043|27.54|287|60.21|361|10.93|947|67.12|233|3390|17.00|11.00|7144|5066|992856
2025-05-26 10:02|CK100|85.04|94.00|77.00|88.34|2452|37.87|1077|51.47|1099|50.90|288|75.10|103|24.20|271|31.96|150|2988|102.00|68.00|4365|2105|995635
2025-05-26 10:02|CK101|78.41|86.00|71.00|72.13|4192|59.31|588|28.20|157|23.80|951|49.01|950|43.39|455|16.83|312|3413|94.00|63.00|5825|1341|994175
2025-05-26 10:02|CK102|18.33|20.00|16.00|18.46|3717|49.54|574|62.33|213|24.65|273|23.76|761|29.03|1068|31.52|596|3485|22.00|15.00|3519|7513|996481
2025-05-26 10:02|CK103|40.17|44.00|36.00|43.39|3092|24.22|328|22.40|100|56.20|842|32.00|804|74.16|337|62.34|230|2641|48.00|32.00|5504|7917|994496
2025-05-26 10:02|CK104|35.49|39.00|32.00|34.35|3437|29.10|348|77.23|115|48.53|223|58.06|873|48.21|106|65.59|571|2236|43.00|28.00|5347|666|994653
2025-05-26 10:02|CK105|65.32|72.00|59.00|70.64|1330|58.73|166|63.27|202|74.50|246|12.64|382|92.76|406|26.01|875|2277|78.00|52.00|6198|239|993802
2025-05-26 10:02|CK106|32.48|36.00|29.00|34.59|4484|86.52|785|93.55|104|62.18|164|75.20|913|70.77|611|82.00|408|2985|39.00|26.00|1891|6451|998109
2025-05-26 10:02|CK107|24.49|27.00|22.00|25.15|1019|34.89|798|40.27|496|49.63|991|39.09|898|12.27|508|84.14|332|4023|29.00|20.00|541|6560|999459
2025-05-26 10:02|CK108|41.60|46.00|37.00|42.33|2958|68.04|883|86.43|938|84.11|394|53.66|964|95.53|662|24.27|1094|4935|50.00|33.00|2608|8515|997392
2025-05-26 10:02|CK109|53.53|59.00|48.00|50.23|4880|71.35|799|83.27|447|55.65|109|35.44|598|38.70|392|33.77|147|2492|64.00|43.00|1854|8974|998146
2025-05-26 10:02|CK110|87.61|96.00|79.00|83.07|1353|48.12|991|27.48|167|13.63|1062|15.49|210|32.21|581|36.90|143|3154|105.00|70.00|3300|9708|996700
2025-05-26 10:02|CK111|63.51|70.00|57.00|68.82|2486|42.96|175|21.98|210|38.45|1098|91.08|440|50.99|279|88.67|1018|3220|76.00|51.00|2482|8236|997518
2025-05-26 10:02|CK112|25.08|28.00|23.00|26.10|2054|67.84|807|92.93|1085|49.48|220|78.13|130|59.23|796|99.68|596|3634|30.00|20.00|306|6198|999694
2025-05-26 10:02|CK113|40.64|45.00|37.00|41.93|4710|46.65|216|54.01|462|10.82|392|16.48|584|81.19|353|93.00|371|2378|49.00|33.00|2200|3847|997800
2025-05-26 10:02|CK114|96.14|106.00|87.00|88.12|770|53.77|459|35.32|325|78.17|672|96.19|611|18.32|864|19.47|901|3832|115.00|77.00|792|1997|999208
2025-05-26 10:02|CK115|69.12|76.00|62.00|65.81|4589|88.62|272|23.92|410|32.22|761|27.81|689|93.86|245|87.94|644|3021|83.00|55.00|6189|1718|993811
2025-05-26 10:02|CK116|66.71|73.00|60.00|65.56|3376|89.41|880|60.05|162|62.09|703|28.55|880|77.81|633|55.51|861|4119|80.00|53.00|4038|3364|995962
2025-05-26 10:02|CK117|92.71|102.00|83.00|91.54|5429|54.83|147|83.30|537|22.74|506|27.48|388|30.15|188|72.41|106|1872|111.00|74.00|1310|172|998690
2025-05-26 10:02|CK118|10.17|11.00|9.00|9.48|4283|38.05|891|36.02|654|20.98|808|43.44|978|22.67|700|99.07|206|4237|12.00|8.00|2941|8017|997059
2025-05-26 10:02|CK119|74.31|82.00|67.00|67.75|1395|31.29|172|24.54|522|94.28|340|31.97|389|68.01|322|70.32|715|2460|89.00|59.00|8651|9480|991349
2025-05-26 10:02|CK120|78.19|86.00|70.00|84.96|1576|52.61|809|14.16|1008|22.31|1014|10.07|587|74.27|136|38.70|669|4223|94.00|63.00|2414|6762|997586
2025-05-26 10:02|CK121|63.85|70.00|57.00|69.63|716|91.25|616|12.68|646|66.15|233|47.64|734|76.51|165|89.74|1099|3493|77.00|51.00|1381|8664|998619
2025-05-26 10:02|CK122|47.10|52.00|42.00|50.73|1240|79.64|217|78.52|397|61.33|399|56.57|1029|78.90|123|77.87|215|2380|57.00|38.00|3554|2601|996446
2025-05-26 10:02|CK123|47.32|52.00|43.00|47.57|1242|27.64|943|31.98|158|53.24|879|43.73|370|70.89|118|21.35|570|3038|57.00|38.00|6067|4700|993933
2025-05-26 10:02|CK124|70.17|77.00|63.00|76.03|3230|89.46|127|29.30|207|78.48|850|21.99|770|63.04|949|77.23|977|3880|84.00|56.00|8251|7388|991749
2025-05-26 10:02|CK125|51.36|56.00|46.00|55.14|5420|25.97|721|55.48|821|49.51|769|92.72|197|17.93|983|96.82|999|4490|62.00|41.00|4843|9595|995157
2025-05-26 10:02|CK126|32.25|35.00|29.00|32.80|2486|89.83|1009|36.08|321|73.81|181|54.24|985|40.78|686|47.83|1007|4189|39.00|26.00|7435|5571|992565
2025-05-26 10:02|CK127|76.87|85.00|69.00|72.38|3634|26.65|606|58.17|290|66.96|823|16.80|293|88.20|695|89.98|222|2929|92.00|61.00|371|7871|999629
2025-05-26 10:02|CK128|26.93|30.00|24.00|26.51|2458|53.46|557|86.67|559|66.51|521|96.32|262|71.49|320|19.58|975|3194|32.00|22.00|6244|384|993756
2025-05-26 10:02|CK129|13.80|15.00|12.00|13.87|4799|67.86|503|31.12|488|28.63|106|55.16|692|98.48|1085|19.02|669|3543|17.00|11.00|7372|362|992628
2025-05-26 10:03|CK100|85.04|94.00|77.00|79.35|1031|61.83|111|19.66|1095|19.27|679|15.00|930|85.03|724|17.90|449|3988|102.00|68.00|5538|5493|994462
2025-05-26 10:03|CK101|78.41|86.00|71.00|86.13|4656|40.83|312|89.37|246|36.93|195|98.33|764|14.03|297|44.65|173|1987|94.00|63.00|2526|9303|997474
2025-05-26 10:03|CK102|18.33|20.00|16.00|18.98|2899|17.35|540|82.20|1066|97.16|138|77.71|761|68.53|450|67.01|732|3687|22.00|15.00|9322|9565|990678
2025-05-26 10:03|CK103|40.17|44.00|36.00|41.96|1140|55.22|624|31.84|888|13.51|362|17.20|764|27.39|261|44.23|1000|3899|48.00|32.00|8824|4390|991176
2025-05-26 10:03|CK104|35.49|39.00|32.00|36.64|694|54.43|760|28.76|522|70.50|704|48.81|847|53.42|472|92.32|901|4206|43.00|28.00|7801|8189|992199
2025-05-26 10:03|CK105|65.32|72.00|59.00|68.20|992|99.95|845|32.50|382|28.18|699|93.21|559|50.14|136|80.52|427|3048|78.00|52.00|8283|4203|991717
2025-05-26 10:03|CK106|32.48|36.00|29.00|33.14|2662|11.85|691|34.63|1027|10.18|1096|75.18|759|26.66|927|40.28|777|5277|39.00|26.00|9908|2306|990092
2025-05-26 10:03|CK107|24.49|27.00|22.00|24.96|2796|93.27|254|17.69|640|30.48|286|85.87|419|89.43|779|69.24|260|2638|29.00|20.00|6350|4553|993650
2025-05-26 10:03|CK108|41.60|46.00|37.00|38.67|2735|31.55|460|93.22|355|71.25|939|16.21|125|30.73|1066|99.31|389|3334|50.00|33.00|2598|6107|997402
2025-05-26 10:03|CK109|53.53|59.00|48.00|52.97|2914|97.63|247|78.55|951|17.43|526|36.18|910|28.44|908|35.56|922|4464|64.00|43.00|9378|3331|990622
2025-05-26 10:03|CK110|87.61|96.00|79.00|86.07|848|96.63|987|70.68|961|61.83|512|12.83|970|81.64|527|90.93|236|4193|105.00|70.00|5770|9108|994230
2025-05-26 10:03|CK111|63.51|70.00|57.00|59.72|2946|88.62|945|86.14|372|97.86|744|92.72|395|69.98|231|38.06|683|3370|76.00|51.00|2695|3939|997305
2025-05-26 10:03|CK112|25.08|28.00|23.00|27.34|4216|89.31|999|86.01|713|45.36|948|72.92|512|79.46|510|84.69|133|3815|30.00|20.00|2495|8244|997505
2025-05-26 10:03|CK113|40.64|45.00|37.00|38.50|4076|95.20|974|59.88|836|36.88|766|76.02|534|80.03|974|13.53|276|4360|49.00|33.00|3976|5941|996024
2025-05-26 10:03|CK114|96.14|106.00|87.00|88.52|1970|52.81|361|69.10|250|47.65|849|74.47|1098|82.14|820|32.32|172|3550|115.00|77.00|3137|2158|996863
2025-05-26 10:03|CK115|69.12|76.00|62.00|71.85|1547|33.66|581|73.56|431|41.10|904|34.48|955|52.48|620|46.72|1011|4502|83.00|55.00|1160|6459|998840
2025-05-26 10:03|CK116|66.71|73.00|60.00|70.80|786|66.65|409|40.75|198|66.10|473|42.56|956|74.55|534|84.04|235|2805|80.00|53.00|9116|6260|990884
2025-05-26 10:03|CK117|92.71|102.00|83.00|94.29|1665|23.66|204|36.91|169|92.91|145|93.17|969|44.00|542|49.05|131|2160|111.00|74.00|8040|2090|991960
2025-05-26 10:03|CK118|10.17|11.00|9.00|9.17|4546|15.07|507|82.46|750|62.28|748|72.78|803|12.83|421|82.80|742|3971|12.00|8.00|5865|530|994135
2025-05-26 10:03|CK119|74.31|82.00|67.00|71.48|1753|45.42|786|10.52|590|46.47|498|66.21|963|41.77|572|70.23|1065|4474|89.00|59.00|6710|7452|993290
2025-05-26 10:03|CK120|78.19|86.00|70.00|83.98|4624|17.30|959|20.26|868|97.85|475|32.80|117|34.31|421|87.96|774|3614|94.00|63.00|1211|8400|998789
2025-05-26 10:03|CK121|63.85|70.00|57.00|67.25|3787|11.15|1035|59.62|1074|80.96|806|31.64|371|14.33|381|65.61|940|4607|77.00|51.00|7262|4651|992738
2025-05-26 10:03|CK122|47.10|52.00|42.00|51.59|3262|11.31|969|46.80|622|34.17|649|77.95|159|16.67|870|25.03|925|4194|57.00|38.00|3364|7055|996636
2025-05-26 10:03|CK123|47.32|52.00|43.00|48.23|2243|64.27|1004|11.23|590|19.00|531|59.59|816|17.62|1060|88.84|922|4923|57.00|38.00|4500|5938|995500
2025-05-26 10:03|CK124|70.17|77.00|63.00|69.98|2660|77.81|245|79.84|488|45.27|408|45.00|1063|97.64|567|88.13|671|3442|84.00|56.00|228|5022|999772
2025-05-26 10:03|CK125|51.36|56.00|46.00|50.95|2317|32.78|650|82.60|1026|29.05|188|70.98|312|69.68|865|88.06|1074|4115|62.00|41.00|1170|8228|998830
2025-05-26 10:03|CK126|32.25|35.00|29.00|33.41|5021|19.37|649|26.36|503|10.54|935|54.76|195|29.15|1045|32.04|971|4298|39.00|26.00|5439|2938|994561
2025-05-26 10:03|CK127|76.87|85.00|69.00|83.89|3648|65.83|362|61.80|925|52.30|442|59.34|553|10.16|598|24.53|965|3845|92.00|61.00|1490|8931|998510
2025-05-26 10:03|CK128|26.93|30.00|24.00|29.14|1234|34.37|565|67.86|290|17.70|873|20.59|991|36.92|326|91.40|1022|4067|32.00|22.00|5899|4524|994101
2025-05-26 10:03|CK129|13.80|15.00|12.00|12.73|5434|45.96|965|38.42|594|74.35|767|62.82|772|80.52|401|10.82|424|3923|17.00|11.00|9367|8406|990633
2025-05-26 10:04|CK100|85.04|94.00|77.00|80.75|4887|35.24|1065|43.54|103|30.26|152|16.12|968|19.09|765|12.46|352|3405|102.00|68.00|3720|683|996280
2025-05-26 10:04|CK101|78.41|86.00|71.00|75.62|3975|45.29|156|84.78|764|40.73|148|85.51|1067|17.75|251|59.60|646|3032|94.00|63.00|977|5912|999023
2025-05-26 10:04|CK102|18.33|20.00|16.00|19.23|1308|69.42|407|30.28|320|69.20|254|57.60|986|93.51|159|73.31|1087|3213|22.00|15.00|7742|1310|992258
2025-05-26 10:04|CK103|40.17|44.00|36.00|38.77|1829|87.01|333|82.77|158|87.81|167|74.73|352|96.99|1038|80.45|291|2339|48.00|32.00|8322|5350|991678
2025-05-26 10:04|CK104|35.49|39.00|32.00|32.39|2293|26.11|666|49.32|1016|64.46|732|78.11|798|83.16|669|32.60|659|4540|43.00|28.00|9885|2734|990115
2025-05-26 10:04|CK105|65.32|72.00|59.00|70.66|1503|44.63|304|35.40|526|27.36|877|79.08|676|25.99|422|74.79|725|3530|78.00|52.00|4611|3793|995389
2025-05-26 10:04|CK106|32.48|36.00|29.00|32.73|3197|21.04|435|12.77|488|32.64|295|52.01|155|57.05|958|21.07|191|2522|39.00|26.00|504|9987|999496
2025-05-26 10:04|CK107|24.49|27.00|22.00|22.40|4188|93.75|703|47.81|663|28.99|652|32.22|269|97.45|521|56.52|187|2995|29.00|20.00|8134|1065|991866
2025-05-26 10:04|CK108|41.60|46.00|37.00|44.21|1554|44.75|609|22.23|939|46.69|334|32.62|837|86.65|733|57.67|101|3553|50.00|33.00|8537|952|991463
2025-05-26 10:04|CK109|53.53|59.00|48.00|52.82|1142|50.50|660|33.25|876|90.15|653|97.27|911|59.89|566|83.77|557|4223|64.00|43.00|2485|9607|997515
2025-05-26 10:04|CK110|87.61|96.00|79.00|86.08|3594|41.72|710|43.47|417|74.60|483|44.54|433|34.49|1038|64.84|541|3622|105.00|70.00|7805|2023|992195
2025-05-26 10:04|CK111|63.51|70.00|57.00|65.36|5106|94.94|457|84.55|677|98.84|1012|61.01|1087|37.95|509|65.58|480|4222|76.00|51.00|5054|4583|994946
2025-05-26 10:04|CK112|25.08|28.00|23.00|25.83|1168|86.51|394|46.68|417|66.02|558|68.77|789|85.63|133|23.29|592|2883|30.00|20.00|6362|5937|993638
2025-05-26 10:04|CK113|40.64|45.00|37.00|36.94|3864|63.33|772|92.01|282|83.50|629|63.25|490|47.15|314|12.20|112|2599|49.00|33.00|2899|7773|997101
2025-05-26 10:04|CK114|96.14|106.00|87.00|94.00|4714|92.26|1093|18.88|958|47.98|144|45.15|348|70.26|758|35.28|276|3577|115.00|77.00|679|1496|999321
2025-05-26 10:04|CK115|69.12|76.00|62.00|62.64|1233|94.06|372|74.69|473|30.34|264|27.18|790|34.61|462|44.66|901|3262|83.00|55.00|7237|3112|992763
2025-05-26 10:04|CK116|66.71|73.00|60.00|62.77|4079|69.53|299|28.65|777|51.55|696|40.87|385|95.97|804|59.41|550|3511|80.00|53.00|4243|511|995757
2025-05-26 10:04|CK117|92.71|102.00|83.00|87.82|2990|95.11|367|27.45|470|44.18|921|63.07|825|12.57|589|26.69|346|3518|111.00|74.00|6645|1046|993355
2025-05-26 10:04|CK118|10.17|11.00|9.00|11.10|2599|26.13|858|42.22|518|49.90|251|52.98|389|70.52|306|47.38|1082|3404|12.00|8.00|5647|8667|994353
2025-05-26 10:04|CK119|74.31|82.00|67.00|77.38|4066|90.54|707|95.85|905|23.62|114|71.84|814|41.81|898|13.21|371|3809|89.00|59.00|3101|1675|996899
2025-05-26 10:04|CK120|78.19|86.00|70.00|81.15|703|74.37|738|67.93|736|90.08|714|71.87|288|72.74|306|67.80|1044|3826|94.00|63.00|5491|0|994509
2025-05-26 10:04|CK121|63.85|70.00|57.00|57.71|2424|14.17|659|72.51|771|89.28|691|21.43|763|33.01|664|92.80|296|3844|77.00|51.00|3568|1070|996432
2025-05-26 10:04|CK122|47.10|52.00|42.00|44.55|2310|60.60|559|73.66|1057|33.82|113|64.52|830|87.16|855|38.12|190|3604|57.00|38.00|4108|7655|995892
2025-05-26 10:04|CK123|47.32|52.00|43.00|48.37|2722|19.69|786|56.13|947|48.89|505|26.34|782|38.36|817|42.08|384|4221|57.00|38.00|8205|37|991795
2025-05-26 10:04|CK124|70.17|77.00|63.00|76.56|3855|27.72|228|98.79|263|93.70|574|86.15|954|24.09|343|47.74|719|3081|84.00|56.00|5255|1977|994745
2025-05-26 10:04|CK125|51.36|56.00|46.00|53.61|1008|38.10|564|33.78|100|12.10|837|45.75|231|64.91|954|78.90|738|3424|62.00|41.00|4489|8842|995511
2025-05-26 10:04|CK126|32.25|35.00|29.00|31.07|1457|94.52|254|64.98|684|76.69|200|20.11|644|10.63|741|65.28|1029|3552|39.00|26.00|3279|2274|996721
2025-05-26 10:04|CK127|76.87|85.00|69.00|72.16|1337|34.32|530|64.55|812|82.39|368|93.33|474|36.96|890|32.98|419|3493|92.00|61.00|7359|5765|992641
2025-05-26 10:04|CK128|26.93|30.00|24.00|28.19|4438|88.68|135|66.33|420|14.62|685|80.19|382|46.41|1029|42.57|1032|3683|32.00|22.00|2062|4820|997938
2025-05-26 10:04|CK129|13.80|15.00|12.00|14.99|4174|37.57|918|82.69|831|58.76|518|55.95|364|99.06|865|11.79|631|4127|17.00|11.00|2903|1584|997097
2025-05-26 10:05|CK100|85.04|94.00|77.00|85.48|1820|25.28|190|80.78|875|76.74|961|63.04|914|72.68|966|66.84|936|4842|102.00|68.00|6801|4738|993199
2025-05-26 10:05|CK101|78.41|86.00|71.00|85.75|2089|93.72|474|18.38|778|26.12|473|13.00|494|45.70|230|95.26|131|2580|94.00|63.00|6411|2064|993589
2025-05-26 10:05|CK102|18.33|20.00|16.00|17.59|3870|52.45|950|87.68|331|93.87|607|44.45|452|60.88|359|28.32|957|3656|22.00|15.00|1516|6400|998484
2025-05-26 10:05|CK103|40.17|44.00|36.00|43.65|3330|87.93|711|69.30|982|83.93|991|60.22|842|48.03|488|43.97|835|4849|48.00|32.00|6022|5868|993978
2025-05-26 10:05|CK104|35.49|39.00|32.00|32.66|4045|35.51|213|36.00|477|76.76|215|40.78|974|83.32|935|64.31|825|3639|43.00|28.00|8957|2195|991043
2025-05-26 10:05|CK105|65.32|72.00|59.00|65.01|4872|18.15|345|14.93|436|70.87|1071|79.89|564|51.59|932|33.62|413|3761|78.00|52.00|915|5585|999085
2025-05-26 10:05|CK106|32.48|36.00|29.00|31.01|3400|84.82|432|30.69|1031|62.86|350|46.98|463|40.15|418|83.28|934|3628|39.00|26.00|5261|3925|994739
2025-05-26 10:05|CK107|24.49|27.00|22.00|26.90|2809|14.05|804|29.91|571|36.09|672|73.90|883|87.44|1099|93.37|508|4537|29.00|20.00|9639|2206|990361
2025-05-26 10:05|CK108|41.60|46.00|37.00|45.69|2701|91.00|848|63.44|837|98.73|352|90.28|717|70.04|1056|76.71|974|4784|50.00|33.00|2700|9392|997300
2025-05-26 10:05|CK109|53.53|59.00|48.00|52.23|3299|15.13|650|65.22|106|61.84|403|93.68|194|81.46|859|83.68|170|2382|64.00|43.00|8069|4585|991931
2025-05-26 10:05|CK110|87.61|96.00|79.00|93.16|4954|92.07|966|49.60|229|94.62|1096|21.59|332|61.17|1002|44.69|540|4165|105.00|70.00|5696|7982|994304
2025-05-26 10:05|CK111|63.51|70.00|57.00|68.25|5479|41.73|571|58.68|644|48.08|1031|38.85|635|65.44|175|72.14|308|3364|76.00|51.00|5327|5682|994673
2025-05-26 10:05|CK112|25.08|28.00|23.00|26.00|4580|40.39|263|33.62|783|77.54|143|51.30|913|81.06|1074|26.75|992|4168|30.00|20.00|9098|6291|990902
2025-05-26 10:05|CK113|40.64|45.00|37.00|42.12|2273|12.51|284|72.93|539|41.37|355|88.95|966|13.97|448|22.04|169|2761|49.00|33.00|1818|4327|998182
2025-05-26 10:05|CK114|96.14|106.00|87.00|100.39|4612|55.28|1055|15.69|396|36.75|154|69.51|1097|51.29|785|16.93|493|3980|115.00|77.00|4758|6318|995242
2025-05-26 10:05|CK115|69.12|76.00|62.00|73.03|4020|42.44|1039|33.14|962|66.79|429|44.94|533|78.42|218|79.29|1042|4223|83.00|55.00|6183|991|993817
2025-05-26 10:05|CK116|66.71|73.00|60.00|69.68|3801|17.63|841|51.68|453|19.67|241|37.72|768|17.71|580|79.14|988|3871|80.00|53.00|6871|6758|993129
2025-05-26 10:05|CK117|92.71|102.00|83.00|94.50|4976|30.44|1028|52.08|278|95.00|282|12.81|597|59.71|313|99.84|654|3152|111.00|74.00|8759|3444|991241
2025-05-26 10:05|CK118|10.17|11.00|9.00|9.96|5162|41.41|326|53.37|119|25.74|811|84.32|429|88.69|368|31.68|284|2337|12.00|8.00|1163|503|998837
2025-05-26 10:05|CK119|74.31|82.00|67.00|67.98|3567|27.15|856|97.87|160|61.50|804|73.59|610|47.85|766|26.64|977|4173|89.00|59.00|4848|573|995152
2025-05-26 10:05|CK120|78.19|86.00|70.00|81.68|1223|35.36|176|40.47|1016|83.74|1084|67.74|846|55.37|379|12.15|508|4009|94.00|63.00|7728|5070|992272
2025-05-26 10:05|CK121|63.85|70.00|57.00|69.70|639|10.75|1013|93.03|787|14.95|154|29.93|831|84.65|449|84.47|585|3819|77.00|51.00|9817|8330|990183
2025-05-26 10:05|CK122|47.10|52.00|42.00|51.00|1700|23.12|328|86.08|669|86.95|775|56.09|362|83.55|339|22.23|803|3276|57.00|38.00|890|2145|999110
2025-05-26 10:05|CK123|47.32|52.00|43.00|48.21|2053|26.16|342|82.13|128|86.51|470|29.49|1099|21.78|940|55.08|208|3187|57.00|38.00|3566|7378|996434
2025-05-26 10:05|CK124|70.17|77.00|63.00|66.89|5116|65.03|944|93.34|339|54.91|258|33.02|590|50.40|459|40.81|827|3417|84.00|56.00|7403|7274|992597
2025-05-26 10:05|CK125|51.36|56.00|46.00|52.00|3664|57.01|1093|36.34|369|80.80|1079|74.31|192|85.22|799|58.19|1054|4586|62.00|41.00|8478|677|991522
2025-05-26 10:05|CK126|32.25|35.00|29.00|31.68|4185|88.54|962|50.29|202|91.89|1081|53.23|981|96.30|644|52.06|778|4648|39.00|26.00|4263|9122|995737
2025-05-26 10:05|CK127|76.87|85.00|69.00|83.05|5332|66.77|578|42.75|230|90.44|1068|17.58|855|92.17|337|31.90|109|3177|92.00|61.00|8351|4872|991649
2025-05-26 10:05|CK128|26.93|30.00|24.00|26.82|2699|31.98|793|54.10|585|94.68|1079|71.09|625|21.27|544|40.57|403|4029|32.00|22.00|3665|5883|996335
2025-05-26 10:05|CK129|13.80|15.00|12.00|14.03|5201|56.06|680|72.20|336|95.72|538|74.86|485|37.29|654|24.57|686|3379|17.00|11.00|2232|7488|997768
2025-05-26 10:06|CK100|85.04|94.00|77.00|89.86|1905|41.79|272|31.21|755|56.70|319|82.23|403|19.08|856|78.61|908|3513|102.00|68.00|9112|4065|990888
2025-05-26 10:06|CK101|78.41|86.00|71.00|74.88|3600|22.87|448|22.55|501|20.16|850|98.40|101|69.39|198|18.14|194|2292|94.00|63.00|3418|5455|996582
2025-05-26 10:06|CK102|18.33|20.00|16.00|17.80|1210|53.80|1062|17.07|164|77.77|380|47.42|470|94.53|609|21.21|258|2943|22.00|15.00|830|164|999170
2025-05-26 10:06|CK103|40.17|44.00|36.00|41.74|2983|14.66|189|64.39|462|66.35|937|99.58|479|67.34|975|30.38|583|3625|48.00|32.00|2188|3498|997812
2025-05-26 10:06|CK104|35.49|39.00|32.00|35.62|4769|49.19|245|64.19|849|64.03|249|62.89|209|46.04|235|15.08|458|2245|43.00|28.00|4382|1461|995618
2025-05-26 10:06|CK105|65.32|72.00|59.00|60.00|4160|52.60|871|70.26|789|76.60|510|91.56|1097|23.58|1084|84.47|378|4729|78.00|52.00|4025|9604|995975
2025-05-26 10:06|CK106|32.48|36.00|29.00|31.65|2431|36.25|647|98.43|466|31.61|769|39.42|959|45.14|1040|30.24|969|4850|39.00|26.00|9580|2902|990420
2025-05-26 10:06|CK107|24.49|27.00|22.00|26.19|3782|29.57|1065|28.54|589|97.37|319|29.41|621|28.62|185|20.39|978|3757|29.00|20.00|8294|2516|991706
2025-05-26 10:06|CK108|41.60|46.00|37.00|41.41|4129|53.02|720|37.92|110|76.85|317|47.60|550|55.41|624|41.38|926|3247|50.00|33.00|1598|4938|998402
2025-05-26 10:06|CK109|53.53|59.00|48.00|52.49|2311|78.57|603|32.92|962|45.46|414|89.84|927|27.47|215|20.36|386|3507|64.00|43.00|6582|7674|993418
2025-05-26 10:06|CK110|87.61|96.00|79.00|96.11|2340|10.22|791|50.20|537|70.08|1065|54.17|884|78.34|836|49.11|184|4297|105.00|70.00|7881|2791|992119
2025-05-26 10:06|CK111|63.51|70.00|57.00|58.68|4968|81.17|788|92.32|276|18.50|892|23.17|898|62.01|437|33.98|835|4126|76.00|51.00|4496|4208|995504
2025-05-26 10:06|CK112|25.08|28.00|23.00|25.79|1113|79.33|1040|55.38|1066|48.83|824|51.23|195|73.24|171|46.99|212|3508|30.00|20.00|5695|5800|994305
2025-05-26 10:06|CK113|40.64|45.00|37.00|39.22|507|99.35|1056|68.35|282|29.42|637|11.09|1052|59.77|444|28.77|477|3948|49.00|33.00|2772|4108|997228
2025-05-26 10:06|CK114|96.14|106.00|87.00|93.68|5217|88.32|398|27.66|358|18.49|1043|24.72|378|34.54|964|32.27|421|3562|115.00|77.00|8540|538|991460
2025-05-26 10:06|CK115|69.12|76.00|62.00|73.99|3537|95.46|593|73.65|687|83.26|841|97.33|475|20.89|114|26.70|1070|3780|83.00|55.00|6300|7751|993700
2025-05-26 10:06|CK116|66.71|73.00|60.00|64.58|3210|23.22|1043|55.11|431|11.84|369|30.37|977|94.16|101|34.63|817|3738|80.00|53.00|8582|9819|991418
2025-05-26 10:06|CK117|92.71|102.00|83.00|83.56|4187|21.78|259|82.52|104|48.89|207|88.58|1020|35.88|800|22.62|840|3230|111.00|74.00|9462|1914|990538
2025-05-26 10:06|CK118|10.17|11.00|9.00|9.34|3065|64.16|857|15.76|613|58.96|449|98.84|444|76.55|846|17.87|608|3817|12.00|8.00|4178|7695|995822
2025-05-26 10:06|CK119|74.31|82.00|67.00|77.87|4956|86.64|1018|29.67|917|57.05|1027|23.26|764|92.08|246|21.03|859|4831|89.00|59.00|3832|4664|996168
2025-05-26 10:06|CK120|78.19|86.00|70.00|84.99|3840|27.53|458|69.55|543|53.00|767|97.82|632|19.80|313|83.22|831|3544|94.00|63.00|6867|6528|993133
2025-05-26 10:06|CK121|63.85|70.00|57.00|65.11|3994|27.77|436|10.14|426|93.98|109|94.78|278|86.79|956|77.30|438|2643|77.00|51.00|7822|5759|992178
2025-05-26 10:06|CK122|47.10|52.00|42.00|42.52|1733|25.46|624|69.59|583|55.09|933|54.36|1081|35.15|1018|72.89|797|5036|57.00|38.00|8121|7359|991879
2025-05-26 10:06|CK123|47.32|52.00|43.00|47.42|3741|16.21|718|51.87|499|48.52|690|85.66|803|58.05|126|43.22|401|3237|57.00|38.00|6433|7914|993567
2025-05-26 10:06|CK124|70.17|77.00|63.00|70.72|5253|95.38|460|63.80|967|17.60|522|59.42|450|54.09|197|15.03|269|2865|84.00|56.00|4178|8894|995822
2025-05-26 10:06|CK125|51.36|56.00|46.00|54.55|5283|85.97|128|17.57|220|79.72|520|85.36|854|26.19|128|60.25|401|2251|62.00|41.00|7708|6969|992292
2025-05-26 10:06|CK126|32.25|35.00|29.00|30.39|4726|46.46|491|82.90|281|92.73|131|43.34|222|95.19|156|79.82|248|1529|39.00|26.00|8767|6641|991233
2025-05-26 10:06|CK127|76.87|85.00|69.00|71.03|5115|17.36|127|86.40|176|23.75|360|12.59|544|66.18|932|76.35|609|2748|92.00|61.00|1726|6273|998274
2025-05-26 10:06|CK128|26.93|30.00|24.00|26.15|3520|13.95|295|61.51|574|54.16|771|48.22|175|49.04|963|44.41|357|3135|32.00|22.00|8134|1499|991866
2025-05-26 10:06|CK129|13.80|15.00|12.00|14.82|2424|63.07|644|76.25|1014|55.91|431|88.32|275|63.53|473|69.58|282|3119|17.00|11.00|6376|3624|993624
2025-05-26 10:07|CK100|85.04|94.00|77.00|79.67|5023|83.04|672|97.19|618|57.97|1003|33.14|344|98.65|470|27.34|621|3728|102.00|68.00|2262|8241|997738
2025-05-26 10:07|CK101|78.41|86.00|71.00|74.63|2729|41.50|851|50.74|858|53.55|312|19.88|832|36.64|979|65.10|980|4812|94.00|63.00|8501|4531|991499
2025-05-26 10:07|CK102|18.33|20.00|16.00|19.68|556|86.86|599|43.10|617|66.29|520|80.93|641|52.35|885|36.23|118|3380|22.00|15.00|1304|871|998696
2025-05-26 10:07|CK103|40.17|44.00|36.00|43.23|3043|26.66|359|83.11|137|70.87|624|43.19|952|12.83|1041|62.70|919|4032|48.00|32.00|5976|6369|994024
2025-05-26 10:07|CK104|35.49|39.00|32.00|33.86|3391|50.61|754|30.72|174|60.02|899|70.82|228|50.62|435|66.68|124|2614|43.00|28.00|5319|2413|994681
2025-05-26 10:07|CK105|65.32|72.00|59.00|67.28|4136|28.78|1021|65.62|918|28.22|603|27.48|408|45.92|862|55.82|709|4521|78.00|52.00|638|1001|999362
2025-05-26 10:07|CK106|32.48|36.00|29.00|31.67|2005|85.50|1015|91.53|863|22.92|445|68.89|558|92.24|437|61.65|758|4076|39.00|26.00|5474|697|994526
2025-05-26 10:07|CK107|24.49|27.00|22.00|26.12|2871|70.06|423|15.55|169|21.05|367|86.75|201|17.00|151|81.06|901|2212|29.00|20.00|1270|5628|998730
2025-05-26 10:07|CK108|41.60|46.00|37.00|39.12|1524|25.61|768|22.86|192|72.36|1019|50.64|1058|31.33|1065|29.64|406|4508|50.00|33.00|7180|3664|992820
2025-05-26 10:07|CK109|53.53|59.00|48.00|48.75|1051|69.85|269|65.55|1096|66.07|1026|88.08|951|21.46|128|72.14|537|4007|64.00|43.00|5508|3287|994492
2025-05-26 10:07|CK110|87.61|96.00|79.00|85.65|636|76.53|831|52.77|118|10.30|116|33.65|777|49.03|756|61.19|761|3359|105.00|70.00|2057|6155|997943
2025-05-26 10:07|CK111|63.51|70.00|57.00|66.26|3076|37.98|404|50.14|250|46.19|701|65.51|391|68.38|205|10.53|235|2186|76.00|51.00|7148|673|992852
2025-05-26 10:07|CK112|25.08|28.00|23.00|27.36|4724|32.47|911|46.25|804|52.45|701|44.55|542|47.79|117|27.05|691|3766|30.00|20.00|7259|139|992741
2025-05-26 10:07|CK113|40.64|45.00|37.00|40.22|3184|88.70|726|84.84|457|38.33|522|10.20|422|34.02|260|18.77|456|2843|49.00|33.00|5378|4202|994622
2025-05-26 10:07|CK114|96.14|106.00|87.00|104.45|5308|31.79|930|41.01|152|68.23|169|33.83|951|20.76|542|86.54|714|3458|115.00|77.00|9111|354|990889
2025-05-26 10:07|CK115|69.12|76.00|62.00|73.43|1622|11.77|884|66.86|322|74.03|124|55.21|375|96.72|244|47.26|1095|3044|83.00|55.00|2759|7637|997241
2025-05-26 10:07|CK116|66.71|73.00|60.00|63.50|4446|95.35|848|82.87|278|19.06|626|70.96|367|43.63|564|39.15|281|2964|80.00|53.00|3765|2176|996235
2025-05-26 10:07|CK117|92.71|102.00|83.00|89.61|1903|67.05|630|13.12|951|48.66|606|34.11|885|38.64|371|36.02|155|3598|111.00|74.00|256|3573|999744
2025-05-26 10:07|CK118|10.17|11.00|9.00|11.11|3349|36.90|690|67.55|522|65.10|489|11.47|700|36.56|804|47.45|645|3850|12.00|8.00|2589|2923|997411
2025-05-26 10:07|CK119|74.31|82.00|67.00|69.47|1009|45.12|442|43.61|804|58.55|239|39.15|540|96.66|320|42.51|1010|3355|89.00|59.00|9422|7679|990578
2025-05-26 10:07|CK120|78.19|86.00|70.00|71.87|1797|97.24|924|35.70|1043|77.23|284|92.55|432|47.07|290|49.96|115|3088|94.00|63.00|1923|9480|998077
2025-05-26 10:07|CK121|63.85|70.00|57.00|69.03|4546|97.68|380|47.70|129|60.89|540|35.82|862|93.10|987|83.86|1041|3939|77.00|51.00|5728|1179|994272
2025-05-26 10:07|CK122|47.10|52.00|42.00|44.69|876|65.34|329|68.37|290|17.35|658|24.38|332|43.14|814|96.36|769|3192|57.00|38.00|8511|1160|991489
2025-05-26 10:07|CK123|47.32|52.00|43.00|48.89|3492|31.55|591|86.30|1082|74.60|100|51.65|459|11.18|967|20.87|1008|4207|57.00|38.00|8757|6035|991243
2025-05-26 10:07|CK124|70.17|77.00|63.00|75.30|1869|35.06|885|65.06|462|32.67|270|42.11|757|26.35|879|36.65|358|3611|84.00|56.00|155|9937|999845
2025-05-26 10:07|CK125|51.36|56.00|46.00|53.47|2656|10.09|588|65.90|731|27.74|451|26.98|877|25.93|714|75.32|236|3597|62.00|41.00|9147|9855|990853
2025-05-26 10:07|CK126|32.25|35.00|29.00|32.53|3614|98.61|554|37.78|135|10.98|950|41.88|402|54.39|591|67.13|735|3367|39.00|26.00|596|3538|999404
2025-05-26 10:07|CK127|76.87|85.00|69.00|72.42|718|93.76|716|24.85|881|66.54|136|45.55|841|64.78|668|95.37|382|3624|92.00|61.00|449|1125|999551
2025-05-26 10:07|CK128|26.93|30.00|24.00|29.49|4679|24.53|554|63.71|920|36.06|366|99.16|875|92.35|814|68.64|384|3913|32.00|22.00|1801|8193|998199
2025-05-26 10:07|CK129|13.80|15.00|12.00|14.35|3159|98.04|457|37.18|258|91.31|1059|45.25|328|10.87|924|22.45|933|3959|17.00|11.00|1625|1456|998375
2025-05-26 10:08|CK100|85.04|94.00|77.00|83.67|3289|43.26|573|10.31|444|77.13|773|91.86|698|76.16|1014|44.92|835|4337|102.00|68.00|3060|1860|996940
2025-05-26 10:08|CK101|78.41|86.00|71.00|71.60|2617|27.53|609|80.06|432|82.32|416|20.30|949|88.75|365|54.06|635|3406|94.00|63.00|7297|9831|992703
2025-05-26 10:08|CK102|18.33|20.00|16.00|18.90|3080|18.99|217|27.94|740|83.00|903|79.36|812|75.88|424|90.71|877|3973|22.00|15.00|4282|1153|995718
2025-05-26 10:08|CK103|40.17|44.00|36.00|37.09|4540|53.52|151|77.01|1099|10.98|817|42.82|314|74.76|252|78.88|245|2878|48.00|32.00|3447|5212|996553
2025-05-26 10:08|CK104|35.49|39.00|32.00|33.57|4866|59.10|1023|61.35|960|93.76|745|49.76|893|60.29|698|39.93|253|4572|43.00|28.00|8290|7648|991710
2025-05-26 10:08|CK105|65.32|72.00|59.00|61.70|4698|82.39|1089|93.20|832|11.74|523|69.50|269|60.94|440|48.04|137|3290|78.00|52.00|3893|3585|996107
2025-05-26 10:08|CK106|32.48|36.00|29.00|33.14|2662|86.69|714|30.50|973|50.53|568|85.13|546|82.50|825|68.46|1077|4703|39.00|26.00|9893|4309|990107
2025-05-26 10:08|CK107|24.49|27.00|22.00|24.44|1337|14.27|300|19.23|1026|36.12|225|31.36|1087|19.88|899|26.68|978|4515|29.00|20.00|455|4050|999545
2025-05-26 10:08|CK108|41.60|46.00|37.00|45.64|2669|69.60|981|23.47|121|80.11|379|79.95|910|78.94|827|56.22|619|3837|50.00|33.00|8833|8040|991167
2025-05-26 10:08|CK109|53.53|59.00|48.00|57.73|3970|93.16|351|32.86|702|16.53|597|91.32|485|93.06|206|46.46|895|3236|64.00|43.00|8183|7251|991817
2025-05-26 10:08|CK110|87.61|96.00|79.00|91.15|4282|63.57|1077|62.31|990|18.17|972|69.50|623|50.93|856|17.45|121|4639|105.00|70.00|2498|8513|997502
2025-05-26 10:08|CK111|63.51|70.00|57.00|60.71|1723|45.02|861|55.94|438|30.14|356|65.79|926|64.39|278|68.20|191|3050|76.00|51.00|5654|6013|994346
2025-05-26 10:08|CK112|25.08|28.00|23.00|25.02|2622|92.22|923|87.03|540|17.22|1077|37.42|745|22.59|774|42.83|648|4707|30.00|20.00|3806|4518|996194
2025-05-26 10:08|CK113|40.64|45.00|37.00|43.06|5429|70.60|1033|34.35|452|11.97|513|39.61|228|94.24|445|26.25|729|3400|49.00|33.00|8018|6331|991982
2025-05-26 10:08|CK114|96.14|106.00|87.00|100.47|4418|15.75|477|95.59|368|55.96|437|47.98|1046|19.85|341|67.18|204|2873|115.00|77.00|9154|5803|990846
2025-05-26 10:08|CK115|69.12|76.00|62.00|67.13|558|28.39|896|39.44|950|97.93|695|62.31|919|58.64|1048|30.77|570|5078|83.00|55.00|3049|1907|996951
2025-05-26 10:08|CK116|66.71|73.00|60.00|66.19|3798|22.26|704|61.86|772|81.71|496|64.40|644|90.70|356|25.89|884|3856|80.00|53.00|1376|3578|998624
2025-05-26 10:08|CK117|92.71|102.00|83.00|91.39|1333|43.64|165|95.99|714|28.54|370|77.56|106|46.55|981|55.42|508|2844|111.00|74.00|3652|6518|996348
2025-05-26 10:08|CK118|10.17|11.00|9.00|9.83|4382|99.86|405|36.13|377|71.39|207|23.24|1020|77.65|185|60.57|305|2499|12.00|8.00|5448|1670|994552
2025-05-26 10:08|CK119|74.31|82.00|67.00|68.31|3711|19.42|863|69.44|309|39.61|208|10.41|825|14.40|259|26.22|787|3251|89.00|59.00|8391|9506|991609
2025-05-26 10:08|CK120|78.19|86.00|70.00|83.88|721|12.20|661|25.29|947|34.02|538|39.00|364|60.59|536|68.88|780|3826|94.00|63.00|9589|4771|990411
2025-05-26 10:08|CK121|63.85|70.00|57.00|68.91|1849|58.13|227|81.65|594|19.21|618|50.22|734|79.23|380|65.17|186|2739|77.00|51.00|5901|6823|994099
2025-05-26 10:08|CK122|47.10|52.00|42.00|48.41|1931|96.74|571|55.85|990|64.03|747|51.76|529|41.61|748|26.52|841|4426|57.00|38.00|2896|4920|997104
2025-05-26 10:08|CK123|47.32|52.00|43.00|46.27|4461|74.99|465|69.52|446|73.57|902|57.13|853|51.44|807|22.04|606|4079|57.00|38.00|6490|3525|993510
2025-05-26 10:08|CK124|70.17|77.00|63.00|76.69|3851|23.84|204|25.92|1068|61.68|329|59.94|477|79.55|115|47.17|275|2468|84.00|56.00|6016|1823|993984
2025-05-26 10:08|CK125|51.36|56.00|46.00|54.53|1655|67.23|406|29.79|1086|58.30|310|62.65|513|17.23|372|21.60|957|3644|62.00|41.00|1728|1459|998272
2025-05-26 10:08|CK126|32.25|35.00|29.00|32.31|2012|89.55|527|62.76|547|86.15|733|18.66|963|76.12|648|32.21|1060|4478|39.00|26.00|7218|6912|992782
2025-05-26 10:08|CK127|76.87|85.00|69.00|80.58|2364|80.88|341|42.64|1068|14.38|1085|32.61|941|73.08|601|48.60|283|4319|92.00|61.00|3959|2013|996041
2025-05-26 10:08|CK128|26.93|30.00|24.00|27.32|1075|86.70|873|47.95|602|91.33|888|78.60|880|25.30|1020|89.93|818|5081|32.00|22.00|8246|2822|991754
2025-05-26 10:08|CK129|13.80|15.00|12.00|15.15|4876|15.91|1096|14.20|1001|44.99|1064|23.96|958|94.36|637|56.18|793|5549|17.00|11.00|3015|1468|996985
2025-05-26 10:09|CK100|85.04|94.00|77.00|89.30|4708|38.62|577|24.24|688|92.36|509|91.26|274|51.71|834|62.04|497|3379|102.00|68.00|2712|6295|997288
2025-05-26 10:09|CK101|78.41|86.00|71.00|79.91|4854|22.47|518|88.40|340|17.42|864|85.25|1037|41.73|586|23.62|729|4074|94.00|63.00|7243|2493|992757
2025-05-26 10:09|CK102|18.33|20.00|16.00|18.52|3959|72.85|392|41.04|810|11.25|825|11.92|748|65.36|249|88.38|674|3698|22.00|15.00|8431|4943|991569
2025-05-26 10:09|CK103|40.17|44.00|36.00|40.69|3956|10.53|1060|67.08|768|36.64|626|66.20|440|74.13|993|96.09|627|4514|48.00|32.00|8844|4805|991156
2025-05-26 10:09|CK104|35.49|39.00|32.00|37.31|3434|52.89|933|59.82|496|11.71|105|34.09|1076|60.51|204|10.48|1027|3841|43.00|28.00|9467|1574|990533
2025-05-26 10:09|CK105|65.32|72.00|59.00|71.60|3496|34.16|258|70.08|713|25.53|633|69.34|943|93.15|735|47.96|212|3494|78.00|52.00|9027|6293|990973
2025-05-26 10:09|CK106|32.48|36.00|29.00|35.18|2687|24.78|529|60.37|269|58.84|248|29.46|917|17.69|771|39.21|723|3457|39.00|26.00|4913|5249|995087
2025-05-26 10:09|CK107|24.49|27.00|22.00|23.57|2762|64.77|637|24.75|283|83.24|855|57.07|576|27.64|729|89.98|210|3290|29.00|20.00|9442|8520|990558
2025-05-26 10:09|CK108|41.60|46.00|37.00|40.40|4028|47.71|806|61.09|239|50.33|842|56.56|701|32.89|139|14.46|111|2838|50.00|33.00|5523|4217|994477
2025-05-26 10:09|CK109|53.53|59.00|48.00|54.62|1797|46.42|409|61.14|746|78.40|439|69.50|953|45.56|941|45.05|893|4381|64.00|43.00|5351|1498|994649
2025-05-26 10:09|CK110|87.61|96.00|79.00|88.08|1958|74.98|582|93.07|238|49.56|862|53.93|1095|13.11|583|17.26|543|3903|105.00|70.00|7391|1333|992609
2025-05-26 10:09|CK111|63.51|70.00|57.00|61.37|4494|52.48|981|11.12|218|23.72|543|65.03|896|27.52|1026|79.23|1078|4742|76.00|51.00|9170|2319|990830
2025-05-26 10:09|CK112|25.08|28.00|23.00|27.47|4149|62.09|764|60.32|317|56.08|1057|35.73|1051|25.90|387|13.24|382|3958|30.00|20.00|1314|1389|998686
2025-05-26 10:09|CK113|40.64|45.00|37.00|37.96|4882|53.65|913|25.98|619|17.17|516|72.26|133|26.92|641|12.00|376|3198|49.00|33.00|508|1393|999492
2025-05-26 10:09|CK114|96.14|106.00|87.00|91.81|4409|35.17|950|35.36|1007|41.66|1039|18.41|555|64.07|367|38.26|258|4176|115.00|77.00|8164|5121|991836
2025-05-26 10:09|CK115|69.12|76.00|62.00|66.44|1886|47.92|267|18.04|822|91.77|874|51.45|860|54.01|1005|49.67|781|4609|83.00|55.00|9227|2725|990773
2025-05-26 10:09|CK116|66.71|73.00|60.00|62.41|4281|58.15|140|77.87|409|41.43|337|63.58|709|83.80|993|45.70|428|3016|80.00|53.00|1286|1488|998714
2025-05-26 10:09|CK117|92.71|102.00|83.00|89.09|4319|66.26|875|65.94|994|88.06|773|37.21|224|72.38|420|24.52|130|3416|111.00|74.00|3716|9848|996284
2025-05-26 10:09|CK118|10.17|11.00|9.00|9.89|1068|79.21|748|54.36|954|80.77|374|32.86|133|27.87|787|45.84|543|3539|12.00|8.00|8270|5609|991730
2025-05-26 10:09|CK119|74.31|82.00|67.00|76.03|1570|62.24|619|56.54|622|45.80|531|17.92|1003|86.61|869|49.35|652|4296|89.00|59.00|3243|7643|996757
2025-05-26 10:09|CK120|78.19|86.00|70.00|79.27|4309|61.69|742|28.91|206|41.66|629|80.58|1018|37.38|548|92.23|498|3641|94.00|63.00|6106|195|993894
2025-05-26 10:09|CK121|63.85|70.00|57.00|60.28|2845|65.02|199|25.23|739|44.58|289|82.53|637|34.29|964|43.11|437|3265|77.00|51.00|2150|7252|997850
2025-05-26 10:09|CK122|47.10|52.00|42.00|48.56|4713|99.01|362|55.06|715|21.96|922|98.10|374|84.67|744|13.03|672|3789|57.00|38.00|6117|1795|993883
2025-05-26 10:09|CK123|47.32|52.00|43.00|46.89|3088|96.55|566|78.26|1084|72.48|881|67.77|267|61.34|353|46.23|225|3376|57.00|38.00|2354|4170|997646
2025-05-26 10:09|CK124|70.17|77.00|63.00|75.70|2677|36.93|123|22.60|627|50.62|844|13.66|501|79.14|591|69.02|714|3400|84.00|56.00|5006|5057|994994
2025-05-26 10:09|CK125|51.36|56.00|46.00|55.22|3346|72.10|990|96.01|405|92.74|152|81.94|123|33.41|118|95.65|485|2273|62.00|41.00|4348|5930|995652
2025-05-26 10:09|CK126|32.25|35.00|29.00|29.69|2297|59.36|326|47.07|1087|74.60|1038|65.96|607|87.50|1069|36.51|979|5106|39.00|26.00|3705|8956|996295
2025-05-26 10:09|CK127|76.87|85.00|69.00|71.25|3217|39.03|665|39.13|845|16.17|681|44.62|488|77.67|788|95.45|479|3946|92.00|61.00|7562|340|992438
2025-05-26 10:09|CK128|26.93|30.00|24.00|28.21|1629|76.80|928|97.82|383|50.59|632|35.83|829|16.56|1011|23.06|936|4719|32.00|22.00|1996|7337|998004
2025-05-26 10:09|CK129|13.80|15.00|12.00|14.15|4589|27.94|970|38.32|584|59.76|1027|11.84|915|52.57|972|64.05|1095|5563|17.00|11.00|3491|1790|996509
2025-05-26 10:10|CK100|85.04|94.00|77.00|81.20|3231|61.18|569|68.21|846|79.91|217|98.19|295|99.37|244|48.64|270|2441|102.00|68.00|2139|5165|997861
2025-05-26 10:10|CK101|78.41|86.00|71.00|70.59|3999|91.58|1037|14.39|927|34.89|796|74.40|573|19.80|805|62.72|953|5091|94.00|63.00|8943|5616|991057
2025-05-26 10:10|CK102|18.33|20.00|16.00|16.97|2217|50.53|521|92.45|135|69.30|271|39.52|953|83.56|937|64.21|388|3205|22.00|15.00|8742|6627|991258
2025-05-26 10:10|CK103|40.17|44.00|36.00|37.40|1783|71.14|205|45.45|750|46.44|623|35.00|129|57.99|290|80.07|1046|3043|48.00|32.00|2488|4582|997512
2025-05-26 10:10|CK104|35.49|39.00|32.00|33.16|3879|82.94|864|61.56|450|96.78|981|83.77|1079|15.52|593|63.06|467|4434|43.00|28.00|9842|7428|990158
2025-05-26 10:10|CK105|65.32|72.00|59.00|66.20|1235|65.30|317|84.21|380|52.49|552|10.82|793|91.55|730|69.08|264|3036|78.00|52.00|3414|9347|996586
2025-05-26 10:10|CK106|32.48|36.00|29.00|31.09|2481|65.19|119|61.54|546|70.10|423|89.15|138|14.62|375|38.49|547|2148|39.00|26.00|9806|5901|990194
2025-05-26 10:10|CK107|24.49|27.00|22.00|24.14|4791|79.22|557|25.83|367|40.85|220|92.19|779|92.51|651|16.01|1017|3591|29.00|20.00|3956|4081|996044
2025-05-26 10:10|CK108|41.60|46.00|37.00|41.96|2422|33.43|434|95.48|876|90.18|629|29.22|118|28.42|795|92.82|229|3081|50.00|33.00|8212|8635|991788
2025-05-26 10:10|CK109|53.53|59.00|48.00|55.13|943|95.29|381|36.84|966|93.54|649|29.33|402|51.53|155|48.51|321|2874|64.00|43.00|9786|8957|990214
2025-05-26 10:10|CK110|87.61|96.00|79.00|84.26|4805|31.86|754|40.32|722|60.88|365|21.11|894|68.16|664|52.57|835|4234|105.00|70.00|3431|6590|996569
2025-05-26 10:10|CK111|63.51|70.00|57.00|65.21|3617|24.84|916|92.46|874|50.49|430|20.97|575|61.89|765|98.73|1015|4575|76.00|51.00|1276|1077|998724
2025-05-26 10:10|CK112|25.08|28.00|23.00|25.10|3027|94.47|610|48.18|671|62.17|178|59.75|337|13.12|472|72.04|841|3109|30.00|20.00|64|3380|999936
2025-05-26 10:10|CK113|40.64|45.00|37.00|41.26|3365|15.46|889|25.35|237|85.34|813|62.64|281|44.41|116|73.69|688|3024|49.00|33.00|4577|4732|995423
2025-05-26 10:10|CK114|96.14|106.00|87.00|100.38|911|28.68|298|55.07|1030|74.09|439|32.55|628|31.60|755|59.75|326|3476|115.00|77.00|5291|3103|994709
2025-05-26 10:10|CK115|69.12|76.00|62.00|72.25|1636|36.27|735|15.15|923|85.24|381|65.10|867|79.77|1099|70.74|1018|5023|83.00|55.00|135|6661|999865
2025-05-26 10:10|CK116|66.71|73.00|60.00|60.67|1059|46.93|203|63.74|793|50.84|489|16.57|502|13.15|937|60.28|1050|3974|80.00|53.00|838|9027|999162
2025-05-26 10:10|CK117|92.71|102.00|83.00|84.79|4170|79.73|607|91.98|240|72.96|699|65.33|1098|65.65|937|36.57|195|3776|111.00|74.00|6744|8677|993256
2025-05-26 10:10|CK118|10.17|11.00|9.00|9.52|3735|10.42|883|80.23|756|99.20|653|54.74|167|36.81|863|81.93|385|3707|12.00|8.00|4755|6529|995245
2025-05-26 10:10|CK119|74.31|82.00|67.00|78.99|4654|52.11|533|60.79|712|90.41|641|96.80|1086|20.35|617|31.40|801|4390|89.00|59.00|3812|8429|996188
2025-05-26 10:10|CK120|78.19|86.00|70.00|79.86|5025|95.89|930|75.63|342|68.69|123|78.19|1089|67.59|754|48.48|1021|4259|94.00|63.00|1489|9024|998511
2025-05-26 10:10|CK121|63.85|70.00|57.00|66.72|763|77.45|492|54.10|510|98.17|901|95.97|656|56.37|881|78.95|961|4401|77.00|51.00|8422|7812|991578
2025-05-26 10:10|CK122|47.10|52.00|42.00|43.69|3487|62.28|303|74.16|678|36.21|443|20.96|220|25.11|612|18.89|123|2379|57.00|38.00|4659|4588|995341
2025-05-26 10:10|CK123|47.32|52.00|43.00|43.49|4909|17.58|1026|71.36|266|60.48|189|73.48|189|13.03|861|85.93|919|3450|57.00|38.00|652|8110|999348
2025-05-26 10:10|CK124|70.17|77.00|63.00|72.55|5019|26.30|675|86.41|542|50.94|879|75.89|457|19.91|946|80.19|836|4335|84.00|56.00|7215|7345|992785
2025-05-26 10:10|CK125|51.36|56.00|46.00|46.88|3690|98.88|677|71.27|497|81.05|603|51.60|170|26.24|621|83.81|384|2952|62.00|41.00|6460|723|993540
2025-05-26 10:10|CK126|32.25|35.00|29.00|34.84|879|73.71|268|72.66|741|61.93|690|98.25|623|46.68|604|10.57|629|3555|39.00|26.00|6969|1999|993031
2025-05-26 10:10|CK127|76.87|85.00|69.00|81.76|1068|66.08|149|97.67|275|85.17|314|10.22|1067|14.21|957|48.74|179|2941|92.00|61.00|7714|6332|992286
2025-05-26 10:10|CK128|26.93|30.00|24.00|28.50|937|17.59|875|44.85|248|74.72|720|83.49|118|36.03|1013|15.04|881|3855|32.00|22.00|9108|5361|990892
2025-05-26 10:10|CK129|13.80|15.00|12.00|13.49|2365|34.23|510|40.59|610|46.90|528|56.81|474|92.40|110|30.97|406|2638|17.00|11.00|8778|370|991222
2025-05-26 10:11|CK100|85.04|94.00|77.00|78.20|2924|67.01|760|49.88|627|15.70|358|17.15|476|75.45|321|82.21|192|2734|102.00|68.00|5153|1776|994847
2025-05-26 10:11|CK101|78.41|86.00|71.00|84.83|4023|55.26|135|64.50|665|95.90|216|69.29|298|35.36|705|42.71|956|2975|94.00|63.00|1096|4102|998904
2025-05-26 10:11|CK102|18.33|20.00|16.00|19.83|3072|36.91|616|13.17|813|92.61|902|34.31|255|47.12|325|64.30|1021|3932|22.00|15.00|4557|3834|995443
2025-05-26 10:11|CK103|40.17|44.00|36.00|39.11|1763|88.95|181|57.52|271|87.79|221|10.28|439|37.30|557|28.35|189|1858|48.00|32.00|5887|3382|994113
2025-05-26 10:11|CK104|35.49|39.00|32.00|33.46|3826|47.87|1013|94.81|919|42.98|471|62.26|1026|85.08|391|39.78|769|4589|43.00|28.00|6832|4300|993168
2025-05-26 10:11|CK105|65.32|72.00|59.00|67.34|2731|12.14|390|68.94|472|78.91|242|26.83|934|16.94|348|18.95|570|2956|78.00|52.00|3621|1011|996379
2025-05-26 10:11|CK106|32.48|36.00|29.00|31.22|2869|52.31|404|68.83|191|33.85|510|90.52|104|40.03|697|52.88|618|2524|39.00|26.00|4165|8192|995835
2025-05-26 10:11|CK107|24.49|27.00|22.00|26.59|4836|46.82|298|83.51|348|46.69|338|49.95|904|50.39|173|22.88|312|2373|29.00|20.00|5417|5533|994583
2025-05-26 10:11|CK108|41.60|46.00|37.00|41.58|2810|79.86|315|30.66|542|70.11|445|83.50|389|16.96|419|23.32|199|2309|50.00|33.00|2569|6461|997431
2025-05-26 10:11|CK109|53.53|59.00|48.00|50.92|1591|72.06|691|93.24|272|69.69|513|80.44|727|64.67|997|26.39|404|3604|64.00|43.00|7999|8083|992001
2025-05-26 10:11|CK110|87.61|96.00|79.00|91.43|3269|35.25|723|95.77|154|80.49|165|60.45|347|73.62|279|94.56|587|2255|105.00|70.00|3979|1765|996021
2025-05-26 10:11|CK111|63.51|70.00|57.00|65.66|4869|80.64|627|83.81|603|33.54|926|65.76|255|43.91|656|82.53|138|3205|76.00|51.00|5668|5041|994332
2025-05-26 10:11|CK112|25.08|28.00|23.00|25.02|4141|37.02|1000|26.39|493|89.84|319|31.23|909|29.15|1077|30.75|134|3932|30.00|20.00|9448|3452|990552
2025-05-26 10:11|CK113|40.64|45.00|37.00|41.39|5288|90.68|429|73.43|646|58.95|423|57.16|463|81.54|530|29.47|875|3366|49.00|33.00|2615|1557|997385
2025-05-26 10:11|CK114|96.14|106.00|87.00|93.44|4041|69.14|594|28.02|277|85.79|303|98.53|685|58.16|486|63.98|307|2652|115.00|77.00|5296|2019|994704
2025-05-26 10:11|CK115|69.12|76.00|62.00|67.47|1445|24.11|692|47.77|1064|13.69|596|62.54|894|50.94|888|81.92|600|4734|83.00|55.00|2084|591|997916
2025-05-26 10:11|CK116|66.71|73.00|60.00|65.01|5142|16.96|1066|97.05|494|31.78|990|69.88|429|15.59|603|47.81|1085|4667|80.00|53.00|5011|7231|994989
2025-05-26 10:11|CK117|92.71|102.00|83.00|97.01|2645|43.89|569|83.16|665|92.63|532|72.21|648|59.93|360|34.65|610|3384|111.00|74.00|3949|82|996051
2025-05-26 10:11|CK118|10.17|11.00|9.00|10.64|5262|42.82|370|18.86|879|50.39|623|89.53|1089|27.74|955|47.72|829|4745|12.00|8.00|7643|1260|992357
2025-05-26 10:11|CK119|74.31|82.00|67.00|79.22|1558|19.12|244|15.90|489|48.60|424|10.96|723|11.78|254|19.02|1000|3134|89.00|59.00|381|8680|999619
2025-05-26 10:11|CK120|78.19|86.00|70.00|74.51|3726|16.99|827|14.38|1054|35.00|215|47.12|243|20.18|777|11.17|732|3848|94.00|63.00|5155|4809|994845
2025-05-26 10:11|CK121|63.85|70.00|57.00|64.02|1287|78.55|678|56.50|862|60.91|595|27.46|991|87.77|304|11.61|631|4061|77.00|51.00|8054|2352|991946
2025-05-26 10:11|CK122|47.10|52.00|42.00|43.88|3314|90.65|1024|73.60|1094|54.64|517|10.64|457|22.87|873|48.24|743|4708|57.00|38.00|4953|78|995047
2025-05-26 10:11|CK123|47.32|52.00|43.00|46.29|3155|32.56|673|59.70|160|52.27|372|55.43|622|92.27|702|80.99|283|2812|57.00|38.00|4560|9131|995440
2025-05-26 10:11|CK124|70.17|77.00|63.00|71.26|545|13.72|806|18.12|946|44.41|432|38.41|577|65.11|669|60.70|176|3606|84.00|56.00|4570|2787|995430
2025-05-26 10:11|CK125|51.36|56.00|46.00|46.40|4267|76.29|473|12.67|181|48.99|779|61.10|599|61.66|150|52.40|178|2360|62.00|41.00|7198|6923|992802
2025-05-26 10:11|CK126|32.25|35.00|29.00|34.08|1466|82.55|151|96.44|368|51.64|614|28.66|182|41.89|978|41.33|1072|3365|39.00|26.00|3326|8106|996674
2025-05-26 10:11|CK127|76.87|85.00|69.00|74.79|2346|64.15|748|84.71|748|15.24|377|69.75|518|40.44|1018|63.47|446|3855|92.00|61.00|5382|8826|994618
2025-05-26 10:11|CK128|26.93|30.00|24.00|25.86|5127|31.10|510|29.01|839|70.08|454|52.32|821|88.22|363|76.12|577|3564|32.00|22.00|1533|7716|998467
2025-05-26 10:11|CK129|13.80|15.00|12.00|12.81|2215|47.47|1090|26.89|103|65.45|1000|30.00|127|14.48|701|75.00|505|3526|17.00|11.00|4239|4687|995761
2025-05-26 10:12|CK100|85.04|94.00|77.00|78.62|2448|40.92|306|22.48|864|98.61|129|31.34|272|27.98|660|73.70|628|2859|102.00|68.00|781|2233|999219
2025-05-26 10:12|CK101|78.41|86.00|71.00|81.33|3599|61.82|521|56.80|1036|99.29|271|44.37|1099|28.91|833|30.11|1098|4858|94.00|63.00|4066|7231|995934
2025-05-26 10:12|CK102|18.33|20.00|16.00|17.93|2718|66.16|1023|71.36|289|64.18|161|47.59|817|71.97|814|95.14|687|3791|22.00|15.00|1343|1829|998657
2025-05-26 10:12|CK103|40.17|44.00|36.00|41.48|3182|20.13|644|88.30|1026|30.79|412|74.30|145|54.68|361|26.90|654|3242|48.00|32.00|3326|593|996674
2025-05-26 10:12|CK104|35.49|39.00|32.00|37.35|5177|10.93|304|39.51|846|25.09|556|24.85|560|35.73|401|12.29|645|3312|43.00|28.00|2596|9360|997404
2025-05-26 10:12|CK105|65.32|72.00|59.00|61.58|3622|23.98|485|34.77|652|77.54|717|36.74|810|63.47|368|14.68|528|3560|78.00|52.00|6967|7246|993033
2025-05-26 10:12|CK106|32.48|36.00|29.00|30.76|1355|22.84|507|70.80|768|21.07|280|18.25|280|20.56|950|60.35|832|3617|39.00|26.00|9998|147|990002
2025-05-26 10:12|CK107|24.49|27.00|22.00|23.95|4648|68.38|821|86.45|1057|72.25|114|41.20|987|86.70|1072|46.98|486|4537|29.00|20.00|3035|6087|996965
2025-05-26 10:12|CK108|41.60|46.00|37.00|39.10|2364|48.05|784|94.62|121|48.16|992|97.77|964|64.93|159|55.14|902|3922|50.00|33.00|2243|7790|997757
2025-05-26 10:12|CK109|53.53|59.00|48.00|50.77|4946|55.26|898|15.00|133|32.83|195|85.51|145|34.52|1020|42.15|982|3373|64.00|43.00|7732|6946|992268
2025-05-26 10:12|CK110|87.61|96.00|79.00|83.73|640|26.95|361|73.36|923|99.87|913|34.49|175|61.93|584|88.13|690|3646|105.00|70.00|5152|4173|994848
2025-05-26 10:12|CK111|63.51|70.00|57.00|58.18|3018|45.30|942|76.88|925|13.52|789|74.93|371|37.82|216|24.85|607|3850|76.00|51.00|3415|9454|996585
2025-05-26 10:12|CK112|25.08|28.00|23.00|25.70|4527|89.71|348|46.03|115|28.26|531|38.27|1085|82.44|802|39.72|671|3552|30.00|20.00|7821|2229|992179
2025-05-26 10:12|CK113|40.64|45.00|37.00|37.92|1623|45.78|434|72.24|617|87.74|424|51.42|1085|16.75|212|74.29|849|3621|49.00|33.00|109|5154|999891
2025-05-26 10:12|CK114|96.14|106.00|87.00|96.58|4975|68.88|348|96.81|841|88.20|1015|92.04|299|96.66|308|57.66|946|3757|115.00|77.00|9458|6418|990542
2025-05-26 10:12|CK115|69.12|76.00|62.00|62.54|1247|15.22|953|37.47|1060|50.94|169|18.76|633|21.26|731|48.54|991|4537|83.00|55.00|1892|3057|998108
2025-05-26 10:12|CK116|66.71|73.00|60.00|72.44|2603|67.88|652|15.80|1058|44.85|1080|21.75|882|85.89|377|12.18|916|4965|80.00|53.00|8868|8346|991132
2025-05-26 10:12|CK117|92.71|102.00|83.00|87.58|1920|71.53|754|21.25|328|25.28|217|92.67|660|60.60|119|59.83|859|2937|111.00|74.00|8056|1387|991944
2025-05-26 10:12|CK118|10.17|11.00|9.00|9.85|4013|35.05|140|71.24|146|78.25|215|97.69|344|60.48|1084|35.60|303|2232|12.00|8.00|6445|424|993555
2025-05-26 10:12|CK119|74.31|82.00|67.00|69.72|1329|24.84|720|94.95|136|65.65|233|25.21|352|45.13|735|23.41|501|2677|89.00|59.00|7349|4574|992651
2025-05-26 10:12|CK120|78.19|86.00|70.00|74.19|4808|28.59|316|86.53|926|96.18|416|33.30|804|66.02|151|28.48|392|3005|94.00|63.00|880|2232|999120
2025-05-26 10:12|CK121|63.85|70.00|57.00|67.83|766|40.05|1046|49.16|229|51.42|392|10.17|1032|96.36|886|58.78|1031|4616|77.00|51.00|7118|2177|992882
2025-05-26 10:12|CK122|47.10|52.00|42.00|47.65|1323|99.54|379|62.53|610|87.84|890|25.69|628|23.64|1026|37.03|284|3817|57.00|38.00|1006|1946|998994
2025-05-26 10:12|CK123|47.32|52.00|43.00|43.85|647|90.46|289|86.67|125|41.80|642|58.65|832|17.24|224|69.67|908|3020|57.00|38.00|5295|2963|994705
2025-05-26 10:12|CK124|70.17|77.00|63.00|68.80|5290|16.11|760|10.75|547|52.47|615|78.70|611|26.38|579|51.26|978|4090|84.00|56.00|6354|7402|993646
2025-05-26 10:12|CK125|51.36|56.00|46.00|48.32|4238|31.88|280|12.20|444|47.73|1016|91.71|723|69.01|1016|15.43|325|3804|62.00|41.00|1686|3700|998314
2025-05-26 10:12|CK126|32.25|35.00|29.00|31.55|1686|71.76|942|61.05|454|39.99|151|79.04|1055|57.44|459|72.40|1063|4124|39.00|26.00|8898|6693|991102
2025-05-26 10:12|CK127|76.87|85.00|69.00|79.71|1179|64.20|671|96.82|267|51.90|214|26.03|814|50.38|670|98.91|515|3151|92.00|61.00|3705|9574|996295
2025-05-26 10:12|CK128|26.93|30.00|24.00|25.04|3770|56.85|582|67.59|927|72.25|659|46.28|959|82.72|837|97.69|623|4587|32.00|22.00|7747|1324|992253
2025-05-26 10:12|CK129|13.80|15.00|12.00|14.26|4893|95.61|260|70.48|686|76.95|121|67.37|601|93.64|167|69.42|108|1943|17.00|11.00|2170|6142|997830
2025-05-26 10:13|CK100|85.04|94.00|77.00|88.12|575|80.66|411|61.28|742|15.10|284|48.19|558|74.47|806|37.74|1057|3858|102.00|68.00|2294|1279|997706
2025-05-26 10:13|CK101|78.41|86.00|71.00|82.84|3656|25.93|364|41.39|168|83.06|992|49.70|262|52.39|167|22.39|868|2821|94.00|63.00|1391|7482|998609
2025-05-26 10:13|CK102|18.33|20.00|16.00|18.72|2505|75.50|555|80.06|1046|90.85|534|93.32|429|97.86|699|11.80|230|3493|22.00|15.00|2646|8456|997354
2025-05-26 10:13|CK103|40.17|44.00|36.00|39.79|3499|10.16|151|59.11|1007|34.92|213|91.54|1065|63.40|603|43.70|782|3821|48.00|32.00|7174|1|992826
2025-05-26 10:13|CK104|35.49|39.00|32.00|31.95|2750|62.69|432|89.69|386|42.70|1098|77.55|716|72.30|744|80.89|685|4061|43.00|28.00|9665|9818|990335
2025-05-26 10:13|CK105|65.32|72.00|59.00|62.15|5141|89.64|281|68.20|109|84.23|782|43.22|914|41.74|251|50.10|256|2593|78.00|52.00|6844|157|993156
2025-05-26 10:13|CK106|32.48|36.00|29.00|34.56|1742|39.73|493|71.96|1009|84.28|405|64.98|830|32.13|1083|16.57|785|4605|39.00|26.00|6076|1558|993924
2025-05-26 10:13|CK107|24.49|27.00|22.00|22.07|1906|78.02|425|78.03|791|76.25|225|43.59|607|53.54|1033|63.90|709|3790|29.00|20.00|6570|5943|993430
2025-05-26 10:13|CK108|41.60|46.00|37.00|38.94|3279|60.45|932|37.99|169|66.29|605|71.45|210|98.55|544|59.73|731|3191|50.00|33.00|7020|3431|992980
2025-05-26 10:13|CK109|53.53|59.00|48.00|53.20|978|45.26|880|30.27|235|40.71|313|48.60|566|40.83|663|92.71|514|3171|64.00|43.00|1095|6092|998905
2025-05-26 10:13|CK110|87.61|96.00|79.00|94.31|3553|34.54|815|71.77|722|38.89|504|45.14|711|72.50|173|95.55|614|3539|105.00|70.00|7060|5742|992940
2025-05-26 10:13|CK111|63.51|70.00|57.00|69.44|4226|47.76|730|26.65|612|57.31|707|25.07|495|72.88|748|23.72|220|3512|76.00|51.00|6252|6078|993748
2025-05-26 10:13|CK112|25.08|28.00|23.00|25.30|3871|84.58|601|66.21|754|99.07|422|85.48|340|49.64|689|14.69|577|3383|30.00|20.00|257|5153|999743
2025-05-26 10:13|CK113|40.64|45.00|37.00|41.45|5389|83.41|943|95.09|610|38.25|218|29.54|678|45.39|484|55.77|1081|4014|49.00|33.00|793|997|999207
2025-05-26 10:13|CK114|96.14|106.00|87.00|91.56|4048|65.46|574|18.04|398|84.15|414|80.02|713|80.15|771|23.20|670|3540|115.00|77.00|4136|2551|995864
2025-05-26 10:13|CK115|69.12|76.00|62.00|65.07|938|41.54|1082|28.22|641|30.67|1017|96.34|1058|50.21|1030|50.73|145|4973|83.00|55.00|1274|8368|998726
2025-05-26 10:13|CK116|66.71|73.00|60.00|65.03|3912|94.19|432|60.93|281|56.69|800|20.54|425|67.55|991|16.18|215|3144|80.00|53.00|4563|2536|995437
2025-05-26 10:13|CK117|92.71|102.00|83.00|98.13|1113|86.44|960|51.83|362|19.57|677|75.95|430|49.53|139|64.52|404|2972|111.00|74.00|7204|8004|992796
2025-05-26 10:13|CK118|10.17|11.00|9.00|9.67|1846|37.94|684|39.23|357|91.79|1098|68.04|336|99.92|289|81.55|846|3610|12.00|8.00|4176|9457|995824
2025-05-26 10:13|CK119|74.31|82.00|67.00|76.09|3812|62.19|384|65.01|252|40.40|444|59.02|950|45.24|777|44.87|765|3572|89.00|59.00|4342|6885|995658
2025-05-26 10:13|CK120|78.19|86.00|70.00|82.97|5161|57.82|240|44.38|298|24.36|121|90.63|370|52.19|515|35.74|527|2071|94.00|63.00|7607|5805|992393
2025-05-26 10:13|CK121|63.85|70.00|57.00|61.20|2435|36.87|389|16.69|327|41.99|768|51.44|509|97.25|551|39.33|295|2839|77.00|51.00|686|5403|999314
2025-05-26 10:13|CK122|47.10|52.00|42.00|50.58|4475|48.48|572|88.45|982|65.13|717|78.16|459|14.21|297|62.80|943|3970|57.00|38.00|8276|7116|991724
2025-05-26 10:13|CK123|47.32|52.00|43.00|49.33|813|20.32|196|12.99|933|34.56|802|74.16|321|91.09|1047|77.74|549|3848|57.00|38.00|3827|752|996173
2025-05-26 10:13|CK124|70.17|77.00|63.00|69.78|5474|15.60|1039|35.04|874|98.38|158|45.70|652|93.44|830|84.47|178|3731|84.00|56.00|9875|966|990125
2025-05-26 10:13|CK125|51.36|56.00|46.00|56.23|3969|76.33|306|29.93|1058|39.37|683|90.56|747|36.46|621|84.16|1029|4444|62.00|41.00|4956|600|995044
2025-05-26 10:13|CK126|32.25|35.00|29.00|30.72|4574|92.93|1050|96.19|793|32.67|504|50.95|758|55.28|598|83.01|376|4079|39.00|26.00|3387|8722|996613
2025-05-26 10:13|CK127|76.87|85.00|69.00|71.88|1544|59.43|558|19.04|934|49.43|247|18.98|671|59.05|700|57.52|564|3674|92.00|61.00|3334|7658|996666
2025-05-26 10:13|CK128|26.93|30.00|24.00|27.40|5483|61.20|838|90.27|489|62.17|761|23.84|587|70.31|926|17.22|177|3778|32.00|22.00|5793|4113|994207
2025-05-26 10:13|CK129|13.80|15.00|12.00|12.66|3561|80.99|607|71.71|1079|30.38|687|77.80|707|83.17|385|61.78|1013|4478|17.00|11.00|9198|1135|990802
2025-05-26 10:14|CK100|85.04|94.00|77.00|82.01|4919|62.06|713|92.48|464|59.43|959|55.47|903|28.22|259|51.46|230|3528|102.00|68.00|9783|8557|990217
2025-05-26 10:14|CK101|78.41|86.00|71.00|77.02|1119|78.96|738|15.63|174|69.30|724|78.19|153|25.30|1071|94.54|728|3588|94.00|63.00|9016|8|990984
2025-05-26 10:14|CK102|18.33|20.00|16.00|16.75|1180|70.62|408|54.06|400|14.83|271|51.65|354|81.36|362|33.91|900|2695|22.00|15.00|4243|1670|995757
2025-05-26 10:14|CK103|40.17|44.00|36.00|40.64|946|36.85|273|45.07|367|14.97|1083|11.56|608|82.77|434|40.28|1067|3832|48.00|32.00|8734|6499|991266
2025-05-26 10:14|CK104|35.49|39.00|32.00|36.93|2056|81.94|722|52.76|619|60.51|547|39.75|664|63.34|1041|22.03|162|3755|43.00|28.00|6831|7923|993169
2025-05-26 10:14|CK105|65.32|72.00|59.00|71.81|5382|17.28|649|30.30|215|29.14|156|91.58|714|19.97|747|40.37|872|3353|78.00|52.00|4276|922|995724
2025-05-26 10:14|CK106|32.48|36.00|29.00|32.63|4288|57.49|519|25.69|480|63.31|676|74.37|550|80.57|1061|47.69|430|3716|39.00|26.00|4807|8407|995193
2025-05-26 10:14|CK107|24.49|27.00|22.00|23.95|3146|53.82|270|96.16|1070|14.26|136|59.50|800|92.30|204|58.10|421|2901|29.00|20.00|4811|965|995189
2025-05-26 10:14|CK108|41.60|46.00|37.00|39.58|1307|95.72|942|61.66|1042|39.27|631|88.79|373|25.41|486|38.75|529|4003|50.00|33.00|9131|6678|990869
2025-05-26 10:14|CK109|53.53|59.00|48.00|48.26|2163|45.85|1040|53.36|240|19.65|781|69.44|963|22.51|423|40.89|1090|4537|64.00|43.00|431|3568|999569
2025-05-26 10:14|CK110|87.61|96.00|79.00|94.82|5220|33.36|223|61.05|393|20.45|118|28.70|703|42.54|929|81.82|231|2597|105.00|70.00|7213|4759|992787
2025-05-26 10:14|CK111|63.51|70.00|57.00|67.42|2316|85.47|637|53.74|269|42.58|947|15.35|1005|67.83|806|19.83|423|4087|76.00|51.00|6985|1996|993015
2025-05-26 10:14|CK112|25.08|28.00|23.00|23.75|991|78.48|409|92.48|590|50.98|804|23.68|218|13.69|203|44.75|880|3104|30.00|20.00|5587|2140|994413
2025-05-26 10:14|CK113|40.64|45.00|37.00|37.54|3030|86.88|725|15.73|173|47.35|573|98.73|166|77.93|732|47.44|286|2655|49.00|33.00|6977|8921|993023
2025-05-26 10:14|CK114|96.14|106.00|87.00|92.45|2691|97.38|840|10.05|327|15.23|807|57.53|253|31.77|1015|78.02|1081|4323|115.00|77.00|3245|9178|996755
2025-05-26 10:14|CK115|69.12|76.00|62.00|75.83|1341|59.22|576|17.38|574|29.46|276|16.83|678|84.06|673|74.42|778|3555|83.00|55.00|8396|9246|991604
2025-05-26 10:14|CK116|66.71|73.00|60.00|71.46|4276|61.35|1005|66.94|970|77.84|830|24.60|958|57.65|126|34.18|517|4406|80.00|53.00|2635|7326|997365
2025-05-26 10:14|CK117|92.71|102.00|83.00|84.35|4049|62.62|572|33.06|550|17.32|186|96.19|355|45.46|109|88.90|682|2454|111.00|74.00|6175|5178|993825
2025-05-26 10:14|CK118|10.17|11.00|9.00|11.09|5012|45.55|412|59.05|144|72.95|1094|73.09|361|48.63|131|38.78|113|2255|12.00|8.00|923|1166|999077
2025-05-26 10:14|CK119|74.31|82.00|67.00|80.52|1738|51.98|129|14.69|540|66.08|821|27.56|143|31.54|575|63.25|452|2660|89.00|59.00|5303|5145|994697
2025-05-26 10:14|CK120|78.19|86.00|70.00|74.00|4309|66.67|686|86.04|144|54.05|998|56.63|298|66.40|422|13.74|112|2660|94.00|63.00|4514|2826|995486
2025-05-26 10:14|CK121|63.85|70.00|57.00|68.61|2452|16.35|439|51.99|848|40.35|779|70.79|466|33.70|823|97.59|650|4005|77.00|51.00|1090|3093|998910
2025-05-26 10:14|CK122|47.10|52.00|42.00|47.67|2052|89.94|466|28.05|546|12.82|688|62.61|975|53.33|138|72.77|521|3334|57.00|38.00|3728|5933|996272
2025-05-26 10:14|CK123|47.32|52.00|43.00|46.24|2233|64.71|513|71.05|697|19.24|808|24.95|568|51.27|719|24.10|1049|4354|57.00|38.00|767|7221|999233
2025-05-26 10:14|CK124|70.17|77.00|63.00|65.97|1485|50.67|808|93.35|550|82.33|703|35.46|384|23.16|962|23.16|340|3747|84.00|56.00|7712|1536|992288
2025-05-26 10:14|CK125|51.36|56.00|46.00|51.52|5376|15.47|187|87.30|117|71.50|338|50.37|540|52.44|474|67.44|885|2541|62.00|41.00|5196|9211|994804
2025-05-26 10:14|CK126|32.25|35.00|29.00|33.19|2518|84.99|500|38.92|984|42.82|438|56.78|443|50.58|1048|65.30|822|4235|39.00|26.00|4023|5121|995977
2025-05-26 10:14|CK127|76.87|85.00|69.00|74.08|3290|15.00|500|48.87|753|36.55|496|72.75|591|27.65|788|90.34|1016|4144|92.00|61.00|8836|5489|991164
2025-05-26 10:14|CK128|26.93|30.00|24.00|27.22|3337|30.68|1046|35.02|481|65.61|265|61.07|432|30.98|587|56.67|903|3714|32.00|22.00|5994|2431|994006
2025-05-26 10:14|CK129|13.80|15.00|12.00|13.84|3974|16.40|263|75.76|461|88.75|553|62.79|357|11.88|569|16.07|398|2601|17.00|11.00|233|1449|999767
2025-05-26 10:15|CK100|85.04|94.00|77.00|87.88|538|46.54|864|96.23|241|10.04|284|91.32|345|55.52|1081|89.26|997|3812|102.00|68.00|3752|4634|996248
2025-05-26 10:15|CK101|78.41|86.00|71.00|75.08|2896|12.64|569|93.29|284|98.80|117|47.77|580|61.85|323|80.95|502|2375|94.00|63.00|6578|4990|993422
2025-05-26 10:15|CK102|18.33|20.00|16.00|17.63|5421|16.46|748|65.77|473|62.63|830|91.14|160|56.53|485|15.31|977|3673|22.00|15.00|3466|7683|996534
2025-05-26 10:15|CK103|40.17|44.00|36.00|39.33|3731|33.67|832|80.37|948|11.22|408|34.87|284|85.45|620|16.37|464|3556|48.00|32.00|4107|6490|995893
2025-05-26 10:15|CK104|35.49|39.00|32.00|32.25|882|26.46|964|91.24|1003|49.78|231|80.70|268|65.81|140|42.42|565|3171|43.00|28.00|4338|1604|995662
2025-05-26 10:15|CK105|65.32|72.00|59.00|70.19|4209|10.97|994|23.86|304|47.85|533|76.76|252|47.82|514|17.52|807|3404|78.00|52.00|9026|8516|990974
2025-05-26 10:15|CK106|32.48|36.00|29.00|35.56|4050|23.15|468|22.41|344|50.69|398|87.57|400|14.05|945|75.84|656|3211|39.00|26.00|6380|1421|993620
2025-05-26 10:15|CK107|24.49|27.00|22.00|23.44|1218|36.45|1068|68.04|167|99.02|1060|46.23|963|63.93|857|88.81|465|4580|29.00|20.00|6033|6344|993967
2025-05-26 10:15|CK108|41.60|46.00|37.00|39.30|3864|83.09|680|79.83|957|15.15|281|62.97|148|67.18|721|60.69|571|3358|50.00|33.00|155|9563|999845
2025-05-26 10:15|CK109|53.53|59.00|48.00|57.65|3503|34.03|376|21.83|863|45.53|308|19.71|550|44.31|366|81.77|769|3232|64.00|43.00|4722|782|995278
2025-05-26 10:15|CK110|87.61|96.00|79.00|82.00|1477|67.57|696|15.87|108|76.49|823|98.27|182|28.53|546|52.95|549|2904|105.00|70.00|8343|147|991657
2025-05-26 10:15|CK111|63.51|70.00|57.00|61.61|5255|72.33|237|18.26|297|34.68|416|79.46|340|23.03|883|30.51|934|3107|76.00|51.00|9944|6064|990056
2025-05-26 10:15|CK112|25.08|28.00|23.00|24.09|3196|16.39|903|12.50|819|91.12|485|98.77|759|68.85|108|33.31|937|4011|30.00|20.00|6728|3846|993272
2025-05-26 10:15|CK113|40.64|45.00|37.00|43.43|3098|98.77|590|47.75|783|47.39|1012|40.34|777|40.98|957|61.64|491|4610|49.00|33.00|2667|3264|997333
2025-05-26 10:15|CK114|96.14|106.00|87.00|86.57|3523|12.03|972|64.09|527|19.03|587|49.91|927|26.67|321|27.43|460|3794|115.00|77.00|6595|1562|993405
2025-05-26 10:15|CK115|69.12|76.00|62.00|62.26|2795|60.12|134|41.50|299|64.03|555|13.93|176|17.18|1021|36.91|655|2840|83.00|55.00|6732|9754|993268
2025-05-26 10:15|CK116|66.71|73.00|60.00|72.78|3905|12.35|989|49.96|541|21.58|1073|29.33|281|89.78|196|61.47|665|3745|80.00|53.00|6293|1939|993707
2025-05-26 10:15|CK117|92.71|102.00|83.00|100.59|716|64.87|984|80.80|1023|34.40|782|89.52|1044|13.23|1074|61.42|318|5225|111.00|74.00|6443|4794|993557
2025-05-26 10:15|CK118|10.17|11.00|9.00|11.02|1479|64.48|105|20.60|103|98.24|345|52.40|164|78.38|591|80.56|323|1631|12.00|8.00|6505|5327|993495
2025-05-26 10:15|CK119|74.31|82.00|67.00|74.66|1377|46.39|454|36.69|789|92.66|594|67.29|636|95.33|704|30.09|202|3379|89.00|59.00|6990|783|993010
2025-05-26 10:15|CK120|78.19|86.00|70.00|71.92|3255|97.64|872|19.07|290|96.09|798|81.56|770|58.40|732|76.90|877|4339|94.00|63.00|7353|1945|992647
2025-05-26 10:15|CK121|63.85|70.00|57.00|57.63|4831|55.40|246|22.62|378|63.54|161|46.79|1038|86.94|450|53.36|190|2463|77.00|51.00|5773|101|994227
2025-05-26 10:15|CK122|47.10|52.00|42.00|48.21|3421|73.44|457|94.94|1091|98.66|315|89.15|795|52.28|590|99.24|302|3550|57.00|38.00|7205|5912|992795
2025-05-26 10:15|CK123|47.32|52.00|43.00|49.57|4964|35.09|661|50.47|555|43.39|738|82.29|867|73.79|718|54.85|758|4297|57.00|38.00|7634|5867|992366
2025-05-26 10:15|CK124|70.17|77.00|63.00|69.47|4980|25.98|405|36.35|180|55.10|683|89.15|608|99.26|902|43.70|276|3054|84.00|56.00|7707|3302|992293
2025-05-26 10:15|CK125|51.36|56.00|46.00|51.23|5005|89.07|423|75.01|642|41.67|339|71.29|668|22.33|754|13.85|794|3620|62.00|41.00|2537|3336|997463
2025-05-26 10:15|CK126|32.25|35.00|29.00|29.68|1984|43.45|659|17.41|586|34.40|746|84.18|845|46.60|611|82.56|247|3694|39.00|26.00|5572|4655|994428
2025-05-26 10:15|CK127|76.87|85.00|69.00|79.61|4171|30.24|919|94.52|248|62.19|889|27.42|542|98.11|1006|60.21|796|4400|92.00|61.00|2291|445|997709
2025-05-26 10:15|CK128|26.93|30.00|24.00|27.66|1389|18.49|952|29.58|1051|91.11|839|76.66|622|54.83|241|82.85|988|4693|32.00|22.00|5182|747|994818
2025-05-26 10:15|CK129|13.80|15.00|12.00|13.27|3781|19.45|859|11.53|659|58.12|384|85.57|728|23.75|279|34.13|331|3240|17.00|11.00|8210|4714|991790
2025-05-26 10:16|CK100|85.04|94.00|77.00|77.49|2448|12.34|468|21.95|715|68.90|816|58.06|431|98.29|823|71.70|138|3391|102.00|68.00|2380|4747|997620
2025-05-26 10:16|CK101|78.41|86.00|71.00|73.79|1762|42.22|319|31.80|405|37.88|198|34.26|477|36.55|216|42.75|612|2227|94.00|63.00|5485|4549|994515
2025-05-26 10:16|CK102|18.33|20.00|16.00|18.52|1625|36.39|1034|43.69|369|52.60|439|97.04|229|61.90|176|60.38|371|2618|22.00|15.00|6093|3644|993907
2025-05-26 10:16|CK103|40.17|44.00|36.00|40.91|3422|19.07|192|40.34|428|50.85|783|51.22|415|17.28|553|84.44|290|2661|48.00|32.00|8766|2584|991234
2025-05-26 10:16|CK104|35.49|39.00|32.00|32.15|4832|48.06|355|83.43|127|70.89|322|64.84|753|15.35|142|15.25|716|2415|43.00|28.00|6716|1962|993284
2025-05-26 10:16|CK105|65.32|72.00|59.00|61.59|4422|18.09|241|75.62|932|72.11|853|93.27|989|93.09|126|28.20|968|4109|78.00|52.00|7463|6666|992537
2025-05-26 10:16|CK106|32.48|36.00|29.00|35.56|5309|50.78|762|63.87|427|23.57|611|25.21|155|32.22|170|27.27|611|2736|39.00|26.00|5827|4365|994173
2025-05-26 10:16|CK107|24.49|27.00|22.00|25.70|1106|48.69|503|54.94|1014|11.11|1058|22.18|160|86.03|791|76.81|1088|4614|29.00|20.00|4806|4723|995194
2025-05-26 10:16|CK108|41.60|46.00|37.00|40.01|4811|12.57|117|99.98|894|79.43|800|65.93|547|49.74|880|42.69|370|3608|50.00|33.00|6176|3701|993824
2025-05-26 10:16|CK109|53.53|59.00|48.00|52.41|1037|56.01|410|27.40|112|67.50|350|79.70|329|34.01|200|89.73|574|1975|64.00|43.00|4508|8374|995492
2025-05-26 10:16|CK110|87.61|96.00|79.00|93.12|4131|83.34|915|57.05|150|73.72|558|35.10|279|71.96|1043|45.34|525|3470|105.00|70.00|1551|2920|998449
2025-05-26 10:16|CK111|63.51|70.00|57.00|66.97|3058|29.76|564|76.45|527|79.66|679|94.23|384|63.48|677|21.40|531|3362|76.00|51.00|2022|3462|997978
2025-05-26 10:16|CK112|25.08|28.00|23.00|23.48|822|17.54|880|31.69|870|25.95|604|17.71|435|42.52|1058|65.35|771|4618|30.00|20.00|983|7122|999017
2025-05-26 10:16|CK113|40.64|45.00|37.00|38.29|2032|42.25|792|97.32|106|26.67|809|57.57|207|44.07|395|37.05|836|3145|49.00|33.00|2573|824|997427
2025-05-26 10:16|CK114|96.14|106.00|87.00|103.31|1731|82.67|443|63.30|650|79.82|109|78.74|749|23.72|1057|92.38|693|3701|115.00|77.00|3359|8697|996641
2025-05-26 10:16|CK115|69.12|76.00|62.00|68.39|4257|87.03|158|11.71|829|64.06|596|28.73|325|81.67|911|44.54|1027|3846|83.00|55.00|1776|6075|998224
2025-05-26 10:16|CK116|66.71|73.00|60.00|64.01|960|49.09|968|97.33|327|95.23|674|72.07|696|46.43|314|70.75|145|3124|80.00|53.00|6678|8987|993322
2025-05-26 10:16|CK117|92.71|102.00|83.00|92.74|3206|88.10|145|47.10|720|99.69|555|64.19|781|49.80|695|94.16|573|3469|111.00|74.00|7429|6340|992571
2025-05-26 10:16|CK118|10.17|11.00|9.00|9.55|2412|83.31|1038|68.48|773|81.14|1021|75.94|1035|45.22|612|44.52|998|5477|12.00|8.00|5717|8089|994283
2025-05-26 10:16|CK119|74.31|82.00|67.00|78.94|4887|17.67|284|34.20|159|67.49|268|28.93|368|19.35|1094|93.57|907|3080|89.00|59.00|6302|1525|993698
2025-05-26 10:16|CK120|78.19|86.00|70.00|77.60|4589|69.27|250|79.99|649|42.03|287|25.14|343|19.95|1068|91.16|892|3489|94.00|63.00|5679|6845|994321
2025-05-26 10:16|CK121|63.85|70.00|57.00|62.82|1518|28.32|155|95.96|939|66.86|638|72.96|777|40.54|543|34.40|285|3337|77.00|51.00|6215|8887|993785
2025-05-26 10:16|CK122|47.10|52.00|42.00|46.85|2741|76.77|499|87.42|277|98.15|1057|16.43|1077|49.78|335|90.17|821|4066|57.00|38.00|6771|551|993229
2025-05-26 10:16|CK123|47.32|52.00|43.00|50.12|3739|37.87|152|58.12|354|80.54|786|94.36|464|91.34|806|93.61|604|3166|57.00|38.00|2014|521|997986
2025-05-26 10:16|CK124|70.17|77.00|63.00|75.43|2362|90.12|879|31.51|709|51.48|642|54.23|112|59.41|714|97.94|607|3663|84.00|56.00|3173|6288|996827
2025-05-26 10:16|CK125|51.36|56.00|46.00|51.56|1905|96.90|336|53.40|375|92.87|406|87.77|857|93.48|979|29.90|510|3463|62.00|41.00|9992|5097|990008
2025-05-26 10:16|CK126|32.25|35.00|29.00|34.57|1925|13.74|724|57.10|1065|32.11|587|57.55|812|57.90|424|53.12|746|4358|39.00|26.00|8829|4667|991171
2025-05-26 10:16|CK127|76.87|85.00|69.00|81.38|1581|84.83|762|90.67|1084|66.05|402|53.70|723|34.41|400|74.96|649|4020|92.00|61.00|3591|8860|996409
2025-05-26 10:16|CK128|26.93|30.00|24.00|25.33|962|67.89|584|16.32|984|94.19|533|25.01|775|88.13|103|68.25|689|3668|32.00|22.00|538|6045|999462
2025-05-26 10:16|CK129|13.80|15.00|12.00|12.92|2769|60.28|644|56.84|144|50.12|673|82.07|765|23.30|219|65.04|678|3123|17.00|11.00|6433|774|993567
2025-05-26 10:17|CK100|85.04|94.00|77.00|91.32|3153|33.43|805|87.80|238|45.69|445|28.40|375|75.61|796|80.68|617|3276|102.00|68.00|2819|1583|997181
2025-05-26 10:17|CK101|78.41|86.00|71.00|82.59|1270|45.14|106|69.42|838|15.37|761|70.64|741|18.87|967|36.44|672|4085|94.00|63.00|2919|1329|997081
2025-05-26 10:17|CK102|18.33|20.00|16.00|19.46|2535|75.44|911|77.00|379|73.32|604|35.37|582|58.50|709|52.86|578|3763|22.00|15.00|3891|9859|996109
2025-05-26 10:17|CK103|40.17|44.00|36.00|43.12|2818|96.34|184|70.51|475|49.63|939|27.68|835|51.87|1060|53.76|495|3988|48.00|32.00|3753|9139|996247
2025-05-26 10:17|CK104|35.49|39.00|32.00|38.63|2748|94.63|143|58.94|506|89.13|685|38.59|460|13.57|565|41.53|245|2604|43.00|28.00|3341|7382|996659
2025-05-26 10:17|CK105|65.32|72.00|59.00|67.00|997|76.62|570|81.14|136|64.16|580|21.29|532|80.84|732|34.34|532|3082|78.00|52.00|7866|2386|992134
2025-05-26 10:17|CK106|32.48|36.00|29.00|33.64|2260|39.22|1032|13.02|461|91.46|574|71.77|262|57.90|1036|49.49|668|4033|39.00|26.00|6030|1843|993970
2025-05-26 10:17|CK107|24.49|27.00|22.00|24.26|2092|17.40|166|66.74|688|92.98|547|95.02|283|39.44|491|33.27|953|3128|29.00|20.00|5933|8248|994067
2025-05-26 10:17|CK108|41.60|46.00|37.00|44.93|2840|19.56|1038|48.91|453|89.90|771|18.89|546|67.02|775|51.19|687|4270|50.00|33.00|5035|2627|994965
2025-05-26 10:17|CK109|53.53|59.00|48.00|55.53|4681|97.92|662|99.88|709|21.42|156|20.34|746|63.11|594|91.41|1001|3868|64.00|43.00|8329|6819|991671
2025-05-26 10:17|CK110|87.61|96.00|79.00|92.33|4334|51.01|145|92.29|1042|16.91|349|99.25|789|57.28|1091|31.65|383|3799|105.00|70.00|8858|3176|991142
2025-05-26 10:17|CK111|63.51|70.00|57.00|58.72|4994|61.71|234|52.32|195|40.99|925|88.01|993|70.73|271|92.35|680|3298|76.00|51.00|5778|7606|994222
2025-05-26 10:17|CK112|25.08|28.00|23.00|22.73|1380|68.18|931|74.22|300|83.21|998|16.28|928|66.27|607|59.98|993|4757|30.00|20.00|8330|3299|991670
2025-05-26 10:17|CK113|40.64|45.00|37.00|37.58|4133|24.68|724|62.49|957|16.42|215|88.93|255|90.39|521|92.51|816|3488|49.00|33.00|8213|4570|991787
2025-05-26 10:17|CK114|96.14|106.00|87.00|89.62|4243|19.85|426|92.64|620|43.41|154|73.20|657|92.69|685|87.37|1002|3544|115.00|77.00|1463|4751|998537
2025-05-26 10:17|CK115|69.12|76.00|62.00|70.67|2426|45.54|243|18.20|1038|70.57|678|22.54|743|18.50|108|71.43|793|3603|83.00|55.00|5648|6502|994352
2025-05-26 10:17|CK116|66.71|73.00|60.00|65.66|1615|36.60|634|56.29|138|34.12|803|62.00|652|88.07|1048|45.98|601|3876|80.00|53.00|4857|9315|995143
2025-05-26 10:17|CK117|92.71|102.00|83.00|93.52|964|31.81|471|42.89|489|21.16|873|54.20|314|39.23|775|82.26|612|3534|111.00|74.00|7466|6889|992534
2025-05-26 10:17|CK118|10.17|11.00|9.00|9.29|4954|11.36|524|19.04|171|74.22|311|91.53|232|34.67|896|21.56|475|2609|12.00|8.00|4198|7263|995802
2025-05-26 10:17|CK119|74.31|82.00|67.00|72.91|4818|90.15|146|79.87|903|90.69|448|63.09|687|93.79|320|72.33|473|2977|89.00|59.00|2173|8779|997827
2025-05-26 10:17|CK120|78.19|86.00|70.00|73.79|5057|86.57|361|80.17|347|86.60|362|77.91|852|55.54|878|52.38|1062|3862|94.00|63.00|9131|9662|990869
2025-05-26 10:17|CK121|63.85|70.00|57.00|64.77|4186|75.72|1023|94.40|773|54.66|115|76.99|697|98.91|1080|46.59|924|4612|77.00|51.00|9634|7799|990366
2025-05-26 10:17|CK122|47.10|52.00|42.00|50.95|4274|73.74|1020|94.82|576|41.58|484|13.53|449|26.56|540|94.44|555|3624|57.00|38.00|4408|2249|995592
2025-05-26 10:17|CK123|47.32|52.00|43.00|45.96|539|78.97|473|13.69|890|74.22|120|73.63|532|55.95|197|99.91|110|2322|57.00|38.00|9605|1480|990395
2025-05-26 10:17|CK124|70.17|77.00|63.00|74.15|1041|38.82|156|38.14|1026|28.59|984|84.06|275|71.13|334|81.44|965|3740|84.00|56.00|1842|107|998158
2025-05-26 10:17|CK125|51.36|56.00|46.00|48.10|1627|30.56|493|49.90|761|13.02|582|26.35|933|87.08|308|38.32|980|4057|62.00|41.00|7218|7387|992782
2025-05-26 10:17|CK126|32.25|35.00|29.00|31.42|3231|44.80|380|38.36|942|96.95|683|39.40|141|93.77|813|83.63|994|3953|39.00|26.00|8906|4457|991094
2025-05-26 10:17|CK127|76.87|85.00|69.00|70.62|3773|26.17|960|51.11|740|99.13|987|61.69|273|42.38|134|40.23|677|3771|92.00|61.00|6864|2313|993136
2025-05-26 10:17|CK128|26.93|30.00|24.00|28.37|1265|49.99|971|97.80|781|58.47|755|40.84|749|98.06|116|78.38|477|3849|32.00|22.00|309|3096|999691
2025-05-26 10:17|CK129|13.80|15.00|12.00|14.42|1459|71.86|169|76.54|366|10.26|572|66.50|246|32.47|210|89.95|194|1757|17.00|11.00|4472|2487|995528
2025-05-26 10:18|CK100|85.04|94.00|77.00|83.86|1846|38.17|242|35.15|387|58.17|350|80.70|399|49.81|407|52.85|932|2717|102.00|68.00|936|3975|999064
2025-05-26 10:18|CK101|78.41|86.00|71.00|85.40|503|68.04|528|88.29|556|37.88|1040|55.30|849|48.13|772|92.47|610|4355|94.00|63.00|8674|7946|991326
2025-05-26 10:18|CK102|18.33|20.00|16.00|17.76|1191|40.45|188|62.58|127|27.81|548|93.65|941|50.46|150|39.43|961|2915|22.00|15.00|5955|297|994045
2025-05-26 10:18|CK103|40.17|44.00|36.00|40.15|1642|55.89|1015|13.42|421|54.83|1085|68.12|934|40.52|222|64.15|369|4046|48.00|32.00|1455|351|998545
2025-05-26 10:18|CK104|35.49|39.00|32.00|32.83|4553|20.72|899|75.80|1018|65.26|605|12.40|1058|86.52|167|84.29|203|3950|43.00|28.00|587|7673|999413
2025-05-26 10:18|CK105|65.32|72.00|59.00|64.58|4289|87.07|846|68.86|366|46.55|442|62.23|181|62.89|556|62.46|287|2678|78.00|52.00|940|7677|999060
2025-05-26 10:18|CK106|32.48|36.00|29.00|33.40|2733|45.21|655|19.02|886|49.82|593|94.93|410|28.69|472|77.10|1079|4095|39.00|26.00|4566|3171|995434
2025-05-26 10:18|CK107|24.49|27.00|22.00|26.02|2419|66.30|706|73.93|1054|80.92|460|26.95|463|78.86|969|14.17|168|3820|29.00|20.00|1791|5411|998209
2025-05-26 10:18|CK108|41.60|46.00|37.00|41.62|1981|22.15|729|69.78|357|52.50|962|87.29|202|91.52|665|14.92|691|3606|50.00|33.00|6719|5155|993281
2025-05-26 10:18|CK109|53.53|59.00|48.00|49.38|2760|62.10|1006|28.88|584|53.06|729|51.94|225|20.33|377|78.90|191|3112|64.00|43.00|6787|6302|993213
2025-05-26 10:18|CK110|87.61|96.00|79.00|88.01|2673|76.30|440|99.44|440|82.82|906|83.62|190|76.22|614|32.67|813|3403|105.00|70.00|3568|7796|996432
2025-05-26 10:18|CK111|63.51|70.00|57.00|68.41|2888|74.58|1009|89.64|139|70.95|1074|42.04|575|77.68|534|15.58|317|3648|76.00|51.00|4179|3896|995821
2025-05-26 10:18|CK112|25.08|28.00|23.00|25.18|5288|69.59|569|43.06|390|78.13|434|82.54|578|98.51|154|94.69|870|2995|30.00|20.00|449|5001|999551
2025-05-26 10:18|CK113|40.64|45.00|37.00|38.94|1573|32.78|432|62.85|210|13.48|373|28.07|954|44.82|227|62.66|158|2354|49.00|33.00|6193|2934|993807
2025-05-26 10:18|CK114|96.14|106.00|87.00|96.92|4535|69.49|374|39.85|541|29.56|221|82.24|263|18.40|617|21.41|454|2470|115.00|77.00|3527|5013|996473
2025-05-26 10:18|CK115|69.12|76.00|62.00|64.48|1221|78.62|728|49.65|950|76.83|448|36.10|1083|83.33|207|22.19|347|3763|83.00|55.00|9868|5726|990132
2025-05-26 10:18|CK116|66.71|73.00|60.00|72.68|4400|15.70|975|86.50|418|59.52|655|25.49|259|21.14|913|16.19|325|3545|80.00|53.00|5828|6668|994172
2025-05-26 10:18|CK117|92.71|102.00|83.00|89.49|4419|15.15|460|93.86|433|93.01|974|53.58|459|28.04|537|29.63|513|3376|111.00|74.00|2173|331|997827
2025-05-26 10:18|CK118|10.17|11.00|9.00|9.50|3858|87.56|817|17.45|1041|20.20|351|90.56|355|20.67|313|33.72|1036|3913|12.00|8.00|4450|4514|995550
2025-05-26 10:18|CK119|74.31|82.00|67.00|80.88|4583|81.29|756|78.50|519|80.15|645|51.04|809|68.03|388|13.49|542|3659|89.00|59.00|6846|2271|993154
2025-05-26 10:18|CK120|78.19|86.00|70.00|70.92|1983|70.39|621|94.20|798|63.84|1079|20.62|335|94.71|570|10.61|269|3672|94.00|63.00|3907|2560|996093
2025-05-26 10:18|CK121|63.85|70.00|57.00|61.40|2355|74.56|668|23.80|185|85.27|330|16.25|943|47.47|807|48.49|830|3763|77.00|51.00|1925|4852|998075
2025-05-26 10:18|CK122|47.10|52.00|42.00|47.41|1090|72.32|119|53.93|164|88.91|758|64.61|925|69.01|1023|45.48|700|3689|57.00|38.00|3834|3800|996166
2025-05-26 10:18|CK123|47.32|52.00|43.00|48.67|2824|57.21|637|79.33|927|38.12|819|84.92|306|82.65|716|73.26|905|4310|57.00|38.00|2273|8856|997727
2025-05-26 10:18|CK124|70.17|77.00|63.00|64.65|4450|30.42|379|45.23|434|49.44|548|14.09|477|71.94|955|93.09|845|3638|84.00|56.00|9554|2320|990446
2025-05-26 10:18|CK125|51.36|56.00|46.00|52.81|3813|84.90|338|76.97|1013|46.58|547|26.12|318|90.67|698|79.49|1060|3974|62.00|41.00|6254|5799|993746
2025-05-26 10:18|CK126|32.25|35.00|29.00|34.96|3288|56.49|753|14.68|1023|15.87|1043|63.11|190|52.50|631|34.10|525|4165|39.00|26.00|6425|5667|993575
2025-05-26 10:18|CK127|76.87|85.00|69.00|76.39|3938|93.58|459|65.42|999|75.08|101|20.57|1051|39.71|298|13.47|533|3441|92.00|61.00|1107|9053|998893
2025-05-26 10:18|CK128|26.93|30.00|24.00|26.54|2120|69.16|322|76.09|916|92.56|379|34.66|926|26.46|410|51.07|693|3646|32.00|22.00|4992|2273|995008
2025-05-26 10:18|CK129|13.80|15.00|12.00|13.39|4630|82.67|337|70.99|711|51.05|473|61.45|194|22.88|829|76.90|817|3361|17.00|11.00|8443|1450|991557
2025-05-26 10:19|CK100|85.04|94.00|77.00|91.42|1662|79.79|721|43.84|867|77.95|1002|68.49|610|86.23|460|20.05|611|4271|102.00|68.00|8695|3895|991305
2025-05-26 10:19|CK101|78.41|86.00|71.00|85.89|1028|41.32|274|69.11|715|87.15|942|62.11|371|77.03|263|26.22|836|3401|94.00|63.00|965|3668|999035
2025-05-26 10:19|CK102|18.33|20.00|16.00|16.81|1415|23.72|646|14.11|1064|64.59|523|54.77|878|95.41|250|48.46|166|3527|22.00|15.00|4839|8251|995161
2025-05-26 10:19|CK103|40.17|44.00|36.00|37.04|1801|68.52|981|25.74|118|37.10|480|23.88|986|81.30|210|84.56|644|3419|48.00|32.00|1679|8194|998321
2025-05-26 10:19|CK104|35.49|39.00|32.00|36.10|1122|89.98|976|57.63|816|61.63|811|44.66|488|26.83|721|84.76|369|4181|43.00|28.00|529|3621|999471
2025-05-26 10:19|CK105|65.32|72.00|59.00|65.60|2052|35.01|769|33.78|720|74.94|1051|70.12|310|37.49|460|81.53|604|3914|78.00|52.00|8123|1103|991877
2025-05-26 10:19|CK106|32.48|36.00|29.00|34.72|3978|22.92|661|56.87|916|81.09|336|46.01|580|74.18|1051|55.28|942|4486|39.00|26.00|5631|8702|994369
2025-05-26 10:19|CK107|24.49|27.00|22.00|22.86|5371|79.93|769|94.64|245|90.69|991|19.43|794|28.12|449|31.67|680|3928|29.00|20.00|2464|3440|997536
2025-05-26 10:19|CK108|41.60|46.00|37.00|39.83|994|24.17|404|35.44|1082|18.75|238|74.50|588|67.47|304|31.81|439|3055|50.00|33.00|2077|8155|997923
2025-05-26 10:19|CK109|53.53|59.00|48.00|55.71|5362|95.10|637|87.11|210|93.51|961|73.19|277|18.23|209|62.20|468|2762|64.00|43.00|2541|8043|997459
2025-05-26 10:19|CK110|87.61|96.00|79.00|87.35|4791|94.80|520|16.02|509|74.95|582|50.47|536|87.87|485|82.92|235|2867|105.00|70.00|7465|1242|992535
2025-05-26 10:19|CK111|63.51|70.00|57.00|66.99|3807|48.73|487|79.13|487|19.65|1046|84.84|923|33.46|285|77.12|972|4200|76.00|51.00|8884|1072|991116
2025-05-26 10:19|CK112|25.08|28.00|23.00|26.79|4946|94.19|228|69.70|695|12.37|335|87.15|953|86.23|975|57.46|384|3570|30.00|20.00|8173|9184|991827
2025-05-26 10:19|CK113|40.64|45.00|37.00|38.61|710|53.77|187|29.32|203|22.36|143|83.39|986|17.86|351|27.68|735|2605|49.00|33.00|6451|6900|993549
2025-05-26 10:19|CK114|96.14|106.00|87.00|93.40|2412|74.68|713|12.59|226|79.06|932|18.24|287|45.19|1091|65.30|923|4172|115.00|77.00|2129|2881|997871
2025-05-26 10:19|CK115|69.12|76.00|62.00|65.15|4402|86.01|771|83.93|680|52.23|334|85.94|683|31.88|864|41.70|453|3785|83.00|55.00|3171|3853|996829
2025-05-26 10:19|CK116|66.71|73.00|60.00|68.89|1216|15.77|527|42.24|605|12.79|143|11.89|769|54.71|548|19.89|490|3082|80.00|53.00|7740|4249|992260
2025-05-26 10:19|CK117|92.71|102.00|83.00|86.37|3790|93.99|357|14.00|404|13.50|699|29.71|1020|83.67|522|80.62|1001|4003|111.00|74.00|7162|8817|992838
2025-05-26 10:19|CK118|10.17|11.00|9.00|9.54|3361|78.63|101|10.42|474|12.17|541|12.45|139|93.29|264|74.43|353|1872|12.00|8.00|3191|1976|996809
2025-05-26 10:19|CK119|74.31|82.00|67.00|72.83|525|28.64|1097|89.76|970|42.31|561|34.61|529|16.08|469|14.38|836|4462|89.00|59.00|4735|8652|995265
2025-05-26 10:19|CK120|78.19|86.00|70.00|84.78|3313|38.24|948|52.35|210|32.64|593|12.06|434|42.37|548|44.25|177|2910|94.00|63.00|8247|7737|991753
2025-05-26 10:19|CK121|63.85|70.00|57.00|68.58|5119|53.50|439|73.73|666|30.71|897|72.49|975|60.48|850|87.76|858|4685|77.00|51.00|808|9576|999192
2025-05-26 10:19|CK122|47.10|52.00|42.00|48.21|2817|24.33|110|55.84|646|23.63|494|24.71|375|73.90|1044|11.01|1031|3700|57.00|38.00|3699|7716|996301
2025-05-26 10:19|CK123|47.32|52.00|43.00|47.68|2925|40.46|252|59.05|971|85.45|801|61.88|672|13.81|310|48.58|1048|4054|57.00|38.00|9987|19|990013
2025-05-26 10:19|CK124|70.17|77.00|63.00|63.19|949|54.56|256|72.17|768|37.63|623|17.86|579|85.78|1005|19.41|1014|4245|84.00|56.00|9718|5881|990282
2025-05-26 10:19|CK125|51.36|56.00|46.00|52.29|2463|91.59|220|92.06|656|25.13|611|74.45|121|81.39|766|43.16|515|2889|62.00|41.00|302|5684|999698
2025-05-26 10:19|CK126|32.25|35.00|29.00|29.36|1857|40.24|528|87.31|1013|15.94|882|46.94|513|95.73|405|36.90|180|3521|39.00|26.00|8226|4456|991774
2025-05-26 10:19|CK127|76.87|85.00|69.00|78.65|1392|47.96|460|90.71|777|45.60|341|68.34|500|69.71|720|74.19|1004|3802|92.00|61.00|634|1182|999366
2025-05-26 10:19|CK128|26.93|30.00|24.00|26.76|526|82.77|905|18.80|722|99.96|193|73.35|538|42.45|259|84.73|1024|3641|32.00|22.00|8235|7687|991765
2025-05-26 10:19|CK129|13.80|15.00|12.00|12.65|1308|60.30|410|67.63|412|26.86|561|43.03|412|55.52|835|17.79|891|3521|17.00|11.00|7632|3986|992368
2025-05-26 10:20|CK100|85.04|94.00|77.00|88.48|1506|84.46|342|47.84|291|95.93|843|20.04|702|59.26|1058|66.76|297|3533|102.00|68.00|8016|8797|991984
2025-05-26 10:20|CK101|78.41|86.00|71.00|79.63|582|54.18|123|92.45|513|41.24|736|37.68|989|18.69|1062|34.96|1021|4444|94.00|63.00|2345|526|997655
2025-05-26 10:20|CK102|18.33|20.00|16.00|17.57|4727|70.86|705|84.80|874|61.16|769|50.92|557|89.16|468|12.74|456|3829|22.00|15.00|5694|480|994306
2025-05-26 10:20|CK103|40.17|44.00|36.00|37.06|916|29.98|253|86.24|686|38.91|810|98.04|219|86.77|1042|83.58|424|3434|48.00|32.00|8560|9932|991440
2025-05-26 10:20|CK104|35.49|39.00|32.00|38.60|3331|55.73|561|80.31|891|23.94|489|90.84|524|27.26|238|33.16|721|3424|43.00|28.00|253|7504|999747
2025-05-26 10:20|CK105|65.32|72.00|59.00|67.56|1554|14.50|808|19.41|420|25.72|127|93.99|416|16.46|800|33.40|873|3444|78.00|52.00|7563|7055|992437
2025-05-26 10:20|CK106|32.48|36.00|29.00|31.58|5016|29.16|666|72.44|306|33.80|405|82.41|712|88.58|919|50.50|395|3403|39.00|26.00|9349|9462|990651
2025-05-26 10:20|CK107|24.49|27.00|22.00|25.86|2393|77.11|108|14.64|208|85.55|182|15.61|681|49.42|949|65.62|858|2986|29.00|20.00|5913|3616|994087
2025-05-26 10:20|CK108|41.60|46.00|37.00|39.83|4911|11.72|985|87.49|223|65.90|772|63.60|502|52.46|630|77.65|639|3751|50.00|33.00|9749|7423|990251
2025-05-26 10:20|CK109|53.53|59.00|48.00|51.87|3588|21.28|1028|28.84|614|67.62|699|58.66|966|36.61|482|36.30|249|4038|64.00|43.00|3278|1987|996722
2025-05-26 10:20|CK110|87.61|96.00|79.00|79.91|1222|47.69|272|33.27|165|11.61|302|66.48|655|41.01|561|99.84|175|2130|105.00|70.00|7274|5857|992726
2025-05-26 10:20|CK111|63.51|70.00|57.00|66.84|3359|33.22|606|59.26|621|45.65|192|51.50|763|26.58|352|50.16|692|3226|76.00|51.00|3869|8982|996131
2025-05-26 10:20|CK112|25.08|28.00|23.00|24.84|3526|43.22|151|95.89|374|13.05|238|97.83|661|88.19|762|77.69|410|2596|30.00|20.00|8867|1215|991133
2025-05-26 10:20|CK113|40.64|45.00|37.00|36.62|2732|93.38|289|19.80|608|93.67|880|87.92|589|55.25|449|74.02|982|3797|49.00|33.00|9263|578|990737
2025-05-26 10:20|CK114|96.14|106.00|87.00|103.94|2336|25.70|647|23.01|146|58.01|766|49.63|742|67.01|907|76.14|571|3779|115.00|77.00|3093|1034|996907
2025-05-26 10:20|CK115|69.12|76.00|62.00|72.79|3404|34.36|225|73.79|542|42.42|544|26.30|953|46.24|320|19.20|250|2834|83.00|55.00|8005|4779|991995
2025-05-26 10:20|CK116|66.71|73.00|60.00|64.61|4143|76.33|246|60.74|432|33.55|796|35.94|1099|44.81|304|34.92|684|3561|80.00|53.00|172|5944|999828
2025-05-26 10:20|CK117|92.71|102.00|83.00|99.17|4254|50.65|794|19.31|1021|16.78|387|51.31|507|44.93|835|32.20|501|4045|111.00|74.00|475|2050|999525
2025-05-26 10:20|CK118|10.17|11.00|9.00|9.98|812|39.15|537|70.53|163|14.51|693|22.39|181|12.94|956|88.81|764|3294|12.00|8.00|6089|869|993911
2025-05-26 10:20|CK119|74.31|82.00|67.00|75.10|1908|88.01|588|59.08|197|24.73|455|72.52|310|15.97|765|39.40|799|3114|89.00|59.00|5014|2852|994986
2025-05-26 10:20|CK120|78.19|86.00|70.00|70.98|730|62.75|642|34.03|221|17.53|488|43.68|677|17.81|767|55.69|1077|3872|94.00|63.00|1393|9749|998607
2025-05-26 10:20|CK121|63.85|70.00|57.00|67.55|2404|62.41|126|22.24|703|97.27|826|11.90|860|51.54|719|78.81|341|3575|77.00|51.00|9399|3789|990601
2025-05-26 10:20|CK122|47.10|52.00|42.00|48.83|3488|10.09|738|62.85|753|81.34|676|92.94|179|26.81|1021|11.81|718|4085|57.00|38.00|8121|6304|991879
2025-05-26 10:20|CK123|47.32|52.00|43.00|49.39|1928|68.49|973|11.81|803|38.42|206|92.65|443|88.45|700|76.07|577|3702|57.00|38.00|6203|3246|993797
2025-05-26 10:20|CK124|70.17|77.00|63.00|67.53|1812|89.47|504|58.01|354|17.51|895|62.46|847|81.94|163|38.35|278|3041|84.00|56.00|6339|3851|993661
2025-05-26 10:20|CK125|51.36|56.00|46.00|52.91|2204|92.72|687|68.11|411|91.43|347|73.53|330|86.55|1026|38.86|706|3507|62.00|41.00|3052|8676|996948
2025-05-26 10:20|CK126|32.25|35.00|29.00|32.68|4885|97.58|630|55.66|614|17.91|831|25.44|449|19.36|297|31.73|252|3073|39.00|26.00|7296|1955|992704
2025-05-26 10:20|CK127|76.87|85.00|69.00|82.68|842|23.52|544|63.34|655|59.77|703|93.38|412|80.41|1060|69.52|389|3763|92.00|61.00|6420|9276|993580
2025-05-26 10:20|CK128|26.93|30.00|24.00|28.27|3763|31.02|360|14.52|855|83.45|1041|84.55|1073|35.66|650|20.89|208|4187|32.00|22.00|1884|2324|998116
2025-05-26 10:20|CK129|13.80|15.00|12.00|15.15|511|17.84|521|41.57|400|44.95|544|72.59|356|18.08|609|93.26|600|3030|17.00|11.00|3580|3177|996420
2025-05-26 10:21|CK100|85.04|94.00|77.00|77.95|1447|25.51|277|42.17|380|87.28|379|33.89|1011|81.32|865|39.99|716|3628|102.00|68.00|6946|9919|993054
2025-05-26 10:21|CK101|78.41|86.00|71.00|77.41|1230|77.91|263|76.89|729|80.52|1054|81.05|910|33.28|777|45.61|1067|4800|94.00|63.00|5247|150|994753
2025-05-26 10:21|CK102|18.33|20.00|16.00|18.11|3417|18.31|400|37.93|982|65.38|123|42.89|100|65.59|289|66.49|376|2270|22.00|15.00|4357|3666|995643
2025-05-26 10:21|CK103|40.17|44.00|36.00|38.11|915|63.44|963|41.78|398|11.50|794|16.87|439|11.62|101|32.41|633|3328|48.00|32.00|5737|2325|994263
2025-05-26 10:21|CK104|35.49|39.00|32.00|34.08|1216|15.65|778|88.93|214|78.76|949|50.60|592|94.41|1057|63.68|557|4147|43.00|28.00|6199|2695|993801
2025-05-26 10:21|CK105|65.32|72.00|59.00|60.67|2951|79.79|182|46.17|332|24.42|280|54.25|145|75.13|313|44.11|409|1661|78.00|52.00|240|5105|999760
2025-05-26 10:21|CK106|32.48|36.00|29.00|34.91|1693|67.38|374|44.78|664|52.30|355|50.25|180|97.23|1074|42.82|296|2943|39.00|26.00|5183|5485|994817
2025-05-26 10:21|CK107|24.49|27.00|22.00|26.88|5271|97.16|551|58.99|999|25.17|636|57.36|486|26.48|390|58.42|629|3691|29.00|20.00|6142|3298|993858
2025-05-26 10:21|CK108|41.60|46.00|37.00|42.76|1699|87.59|471|73.45|197|57.58|820|92.18|481|40.90|618|36.52|684|3271|50.00|33.00|6530|3484|993470
2025-05-26 10:21|CK109|53.53|59.00|48.00|56.68|1684|14.41|252|95.73|1042|82.32|845|24.81|662|94.99|712|34.87|479|3992|64.00|43.00|8784|7016|991216
2025-05-26 10:21|CK110|87.61|96.00|79.00|86.55|3340|60.22|650|70.15|474|93.61|134|63.63|389|97.59|136|95.39|1054|2837|105.00|70.00|5288|4189|994712
2025-05-26 10:21|CK111|63.51|70.00|57.00|62.57|961|26.55|846|64.67|235|78.75|851|26.00|366|66.58|1041|39.01|241|3580|76.00|51.00|7429|8618|992571
2025-05-26 10:21|CK112|25.08|28.00|23.00|26.62|4845|64.94|951|47.36|1080|62.74|514|43.13|1042|92.10|324|38.63|427|4338|30.00|20.00|7081|7376|992919
2025-05-26 10:21|CK113|40.64|45.00|37.00|44.69|4518|67.67|205|62.86|821|95.76|1038|36.57|136|90.54|126|26.12|582|2908|49.00|33.00|9316|2304|990684
2025-05-26 10:21|CK114|96.14|106.00|87.00|87.79|2558|32.44|834|55.73|1075|41.57|654|94.21|433|12.31|702|28.61|647|4345|115.00|77.00|1629|2886|998371
2025-05-26 10:21|CK115|69.12|76.00|62.00|69.16|4301|54.20|823|75.44|1064|80.99|814|45.26|1042|55.27|279|80.13|442|4464|83.00|55.00|5382|502|994618
2025-05-26 10:21|CK116|66.71|73.00|60.00|62.85|3302|67.88|901|85.53|949|40.23|603|96.17|396|70.97|829|96.56|982|4660|80.00|53.00|6648|8253|993352
2025-05-26 10:21|CK117|92.71|102.00|83.00|96.20|4368|47.68|578|42.43|137|78.15|617|52.59|490|94.93|1043|48.88|838|3703|111.00|74.00|3740|1326|996260
2025-05-26 10:21|CK118|10.17|11.00|9.00|9.21|581|37.44|1038|59.64|249|54.00|229|49.40|335|96.68|716|67.49|290|2857|12.00|8.00|8529|5370|991471
2025-05-26 10:21|CK119|74.31|82.00|67.00|68.68|2363|25.67|623|24.17|983|43.92|558|55.74|641|76.04|317|78.11|721|3843|89.00|59.00|9954|4472|990046
2025-05-26 10:21|CK120|78.19|86.00|70.00|75.29|2734|30.46|822|27.17|960|45.26|298|39.35|710|12.73|280|15.24|386|3456|94.00|63.00|56|9049|999944
2025-05-26 10:21|CK121|63.85|70.00|57.00|69.01|2731|96.76|152|39.87|373|89.41|746|72.59|318|67.91|409|52.61|200|2198|77.00|51.00|7819|4856|992181
2025-05-26 10:21|CK122|47.10|52.00|42.00|43.62|5360|88.00|830|96.79|423|56.22|982|86.08|621|95.43|745|36.25|375|3976|57.00|38.00|6810|4278|993190
2025-05-26 10:21|CK123|47.32|52.00|43.00|48.31|5285|54.12|681|73.97|505|62.96|813|74.32|212|85.53|1056|71.68|250|3517|57.00|38.00|9558|9866|990442
2025-05-26 10:21|CK124|70.17|77.00|63.00|68.07|1019|23.69|1022|14.22|956|36.76|161|83.29|106|48.97|582|61.88|971|3798|84.00|56.00|3630|8367|996370
2025-05-26 10:21|CK125|51.36|56.00|46.00|51.26|5052|59.12|650|43.72|163|29.35|216|44.32|422|14.07|690|38.87|501|2642|62.00|41.00|5360|3247|994640
2025-05-26 10:21|CK126|32.25|35.00|29.00|29.36|4445|40.35|131|31.95|1003|23.28|1073|56.60|409|70.54|127|23.75|898|3641|39.00|26.00|8400|666|991600
2025-05-26 10:21|CK127|76.87|85.00|69.00|84.12|3781|69.70|617|13.45|795|28.27|367|16.43|420|51.02|566|24.73|1043|3808|92.00|61.00|5180|6120|994820
2025-05-26 10:21|CK128|26.93|30.00|24.00|25.09|2615|17.29|144|54.44|666|40.89|657|60.37|569|29.26|270|21.99|543|2849|32.00|22.00|3667|6007|996333
2025-05-26 10:21|CK129|13.80|15.00|12.00|13.16|1076|81.97|879|12.05|886|21.51|1000|36.24|288|10.27|599|43.32|891|4543|17.00|11.00|7454|4267|992546
2025-05-26 10:22|CK100|85.04|94.00|77.00|88.95|2508|12.54|702|93.35|1011|81.96|648|90.52|292|39.06|876|58.21|961|4490|102.00|68.00|8694|7775|991306
2025-05-26 10:22|CK101|78.41|86.00|71.00|81.11|3808|84.90|480|85.55|600|22.80|681|69.86|745|54.42|222|36.92|341|3069|94.00|63.00|3175|4768|996825
2025-05-26 10:22|CK102|18.33|20.00|16.00|17.46|5278|24.02|243|87.70|464|78.20|884|55.93|629|55.30|126|80.48|890|3236|22.00|15.00|7631|7286|992369
2025-05-26 10:22|CK103|40.17|44.00|36.00|38.85|4347|75.54|284|60.72|349|10.72|110|91.11|165|32.51|419|83.97|189|1516|48.00|32.00|9864|6497|990136
2025-05-26 10:22|CK104|35.49|39.00|32.00|32.32|2624|86.55|1027|15.66|356|88.31|171|98.95|778|42.64|972|50.10|526|3830|43.00|28.00|6322|834|993678
2025-05-26 10:22|CK105|65.32|72.00|59.00|68.38|2608|93.80|1053|71.36|513|33.05|360|26.04|194|90.37|417|64.24|237|2774|78.00|52.00|531|2913|999469
2025-05-26 10:22|CK106|32.48|36.00|29.00|33.59|5014|50.66|107|52.56|102|29.28|393|91.17|755|75.43|1054|70.98|147|2558|39.00|26.00|1114|7372|998886
2025-05-26 10:22|CK107|24.49|27.00|22.00|25.27|2737|54.90|998|68.84|1067|57.02|325|77.97|973|70.69|371|59.63|679|4413|29.00|20.00|9314|5556|990686
2025-05-26 10:22|CK108|41.60|46.00|37.00|42.09|3625|72.46|515|34.64|266|11.51|595|16.70|474|39.70|223|39.92|808|2881|50.00|33.00|3019|44|996981
2025-05-26 10:22|CK109|53.53|59.00|48.00|55.09|5019|80.40|136|81.56|867|68.44|313|56.91|448|93.91|247|24.93|482|2493|64.00|43.00|8537|3122|991463
2025-05-26 10:22|CK110|87.61|96.00|79.00|84.25|944|42.26|383|20.09|773|19.70|285|85.19|393|78.05|160|76.36|191|2185|105.00|70.00|8789|4445|991211
2025-05-26 10:22|CK111|63.51|70.00|57.00|67.08|4177|14.93|277|88.41|877|67.15|1035|57.74|733|52.84|499|81.95|720|4141|76.00|51.00|5282|7512|994718
2025-05-26 10:22|CK112|25.08|28.00|23.00|26.94|724|84.98|605|10.29|875|14.08|1045|35.25|959|33.97|302|28.07|1083|4869|30.00|20.00|9790|3873|990210
2025-05-26 10:22|CK113|40.64|45.00|37.00|43.78|3236|42.64|746|14.29|318|40.59|691|32.58|845|62.69|910|68.04|649|4159|49.00|33.00|8048|1252|991952
2025-05-26 10:22|CK114|96.14|106.00|87.00|88.69|5124|23.67|176|92.20|683|67.83|126|30.19|835|57.05|930|30.12|851|3601|115.00|77.00|9513|9844|990487
2025-05-26 10:22|CK115|69.12|76.00|62.00|62.43|4867|86.85|467|58.44|427|90.42|136|86.13|429|12.47|281|88.44|334|2074|83.00|55.00|2306|6014|997694
2025-05-26 10:22|CK116|66.71|73.00|60.00|63.46|4163|57.51|653|29.74|697|11.31|606|13.52|255|16.98|266|16.86|748|3225|80.00|53.00|1449|9989|998551
2025-05-26 10:22|CK117|92.71|102.00|83.00|92.07|2612|13.55|255|48.48|1048|60.19|779|14.91|448|94.85|673|51.83|445|3648|111.00|74.00|72|5547|999928
2025-05-26 10:22|CK118|10.17|11.00|9.00|9.57|2746|51.57|553|48.11|211|11.52|415|16.99|1020|67.24|628|54.76|647|3474|12.00|8.00|7760|3408|992240
2025-05-26 10:22|CK119|74.31|82.00|67.00|68.01|766|57.83|183|46.81|117|84.90|393|14.41|347|56.60|1062|41.54|392|2494|89.00|59.00|9625|7424|990375
2025-05-26 10:22|CK120|78.19|86.00|70.00|82.39|568|64.87|232|54.49|1047|52.32|668|84.28|924|48.30|541|21.35|533|3945|94.00|63.00|8771|1331|991229
2025-05-26 10:22|CK121|63.85|70.00|57.00|69.25|823|31.89|288|34.09|441|37.71|871|16.49|844|89.85|944|16.09|734|4122|77.00|51.00|8|6897|999992
2025-05-26 10:22|CK122|47.10|52.00|42.00|48.48|2626|28.08|373|84.37|743|78.50|887|12.87|880|71.80|881|83.60|515|4279|57.00|38.00|9780|235|990220
2025-05-26 10:22|CK123|47.32|52.00|43.00|43.17|879|26.48|818|39.12|893|89.90|112|98.16|486|27.59|113|38.75|1093|3515|57.00|38.00|6277|5029|993723
2025-05-26 10:22|CK124|70.17|77.00|63.00|67.72|5173|97.34|1030|81.03|560|64.98|762|54.24|489|16.29|1061|43.00|565|4467|84.00|56.00|7845|3494|992155
2025-05-26 10:22|CK125|51.36|56.00|46.00|51.10|1324|15.35|1059|19.11|199|20.00|766|59.24|667|94.74|1032|33.01|757|4480|62.00|41.00|4859|1180|995141
2025-05-26 10:22|CK126|32.25|35.00|29.00|34.46|3101|44.37|939|22.85|878|41.70|752|54.43|901|66.72|106|88.40|273|3849|39.00|26.00|8588|4842|991412
2025-05-26 10:22|CK127|76.87|85.00|69.00|76.15|4697|62.21|631|12.17|219|40.74|989|70.10|558|29.87|543|11.69|515|3455|92.00|61.00|3361|4582|996639
2025-05-26 10:22|CK128|26.93|30.00|24.00|24.48|2087|67.28|741|79.17|856|27.21|619|94.17|447|39.51|943|62.44|129|3735|32.00|22.00|9981|5503|990019
2025-05-26 10:22|CK129|13.80|15.00|12.00|14.29|2282|28.40|600|86.16|586|32.73|347|98.90|805|33.32|925|59.32|430|3693|17.00|11.00|3201|3197|996799
2025-05-26 10:23|CK100|85.04|94.00|77.00|81.92|2286|44.10|270|47.80|170|77.40|854|71.86|1097|82.90|572|72.86|453|3416|102.00|68.00|6410|3061|993590
2025-05-26 10:23|CK101|78.41|86.00|71.00|76.65|3594|85.13|157|94.69|104|39.42|928|41.14|660|68.17|1084|67.84|979|3912|94.00|63.00|3760|7096|996240
2025-05-26 10:23|CK102|18.33|20.00|16.00|19.24|4120|42.09|593|43.72|194|72.85|568|47.40|789|89.89|776|98.70|763|3683|22.00|15.00|8708|3387|991292
2025-05-26 10:23|CK103|40.17|44.00|36.00|40.73|2492|40.23|405|82.75|406|84.41|703|19.82|515|26.42|1074|42.81|692|3795|48.00|32.00|5625|2289|994375
2025-05-26 10:23|CK104|35.49|39.00|32.00|38.93|2113|96.32|480|83.15|1019|87.79|457|50.84|585|20.77|768|94.11|461|3770|43.00|28.00|809|97|999191
2025-05-26 10:23|CK105|65.32|72.00|59.00|65.27|3560|34.33|483|19.17|459|85.29|791|14.77|424|84.64|357|89.76|641|3155|78.00|52.00|1097|3746|998903
2025-05-26 10:23|CK106|32.48|36.00|29.00|32.88|3036|30.65|336|15.24|635|37.73|915|12.06|128|62.91|522|29.33|123|2659|39.00|26.00|7208|6217|992792
2025-05-26 10:23|CK107|24.49|27.00|22.00|24.47|3442|78.52|1039|33.92|185|53.36|385|23.99|719|95.86|228|84.09|204|2760|29.00|20.00|7867|7126|992133
2025-05-26 10:23|CK108|41.60|46.00|37.00|37.87|4692|86.56|527|80.48|834|56.50|449|67.29|854|55.65|1076|58.38|270|4010|50.00|33.00|7336|7406|992664
2025-05-26 10:23|CK109|53.53|59.00|48.00|58.42|4949|48.38|1005|56.76|323|22.84|745|63.95|831|39.78|411|90.43|407|3722|64.00|43.00|8239|9364|991761
2025-05-26 10:23|CK110|87.61|96.00|79.00|90.44|3650|14.25|965|16.57|853|86.99|376|65.83|120|15.90|1024|53.51|268|3606|105.00|70.00|1089|2717|998911
2025-05-26 10:23|CK111|63.51|70.00|57.00|59.62|5284|11.57|923|13.75|552|10.40|702|63.46|232|22.92|675|25.22|1052|4136|76.00|51.00|7124|7426|992876
2025-05-26 10:23|CK112|25.08|28.00|23.00|23.34|4163|78.08|262|30.93|115|50.85|657|95.27|623|67.11|594|73.94|764|3015|30.00|20.00|597|564|999403
2025-05-26 10:23|CK113|40.64|45.00|37.00|42.47|5109|82.07|603|60.12|854|70.14|738|23.71|328|25.66|141|57.20|129|2793|49.00|33.00|5545|9171|994455
2025-05-26 10:23|CK114|96.14|106.00|87.00|103.01|3092|29.60|879|86.34|544|60.07|618|12.48|626|60.48|283|32.37|487|3437|115.00|77.00|7134|8216|992866
2025-05-26 10:23|CK115|69.12|76.00|62.00|67.76|2531|26.01|793|22.94|741|21.28|967|61.25|647|34.41|205|15.84|325|3678|83.00|55.00|2455|9342|997545
2025-05-26 10:23|CK116|66.71|73.00|60.00|71.08|5062|18.05|1073|91.77|218|74.06|1096|88.65|999|56.16|219|57.35|884|4489|80.00|53.00|1089|6298|998911
2025-05-26 10:23|CK117|92.71|102.00|83.00|101.12|850|51.77|1013|63.74|506|60.04|238|60.44|813|46.93|708|85.67|401|3679|111.00|74.00|1277|1205|998723
2025-05-26 10:23|CK118|10.17|11.00|9.00|10.25|753|44.48|977|36.41|497|13.90|431|64.41|778|94.20|416|57.33|534|3633|12.00|8.00|4378|7183|995622
2025-05-26 10:23|CK119|74.31|82.00|67.00|77.60|2093|96.58|896|58.85|787|76.02|1006|81.47|406|78.70|198|29.77|563|3856|89.00|59.00|8749|1501|991251
2025-05-26 10:23|CK120|78.19|86.00|70.00|77.34|4726|94.83|800|51.80|504|94.57|512|36.88|204|90.91|135|47.73|666|2821|94.00|63.00|5168|5458|994832
2025-05-26 10:23|CK121|63.85|70.00|57.00|59.30|648|80.10|571|52.79|971|88.40|873|87.30|877|20.20|1096|68.30|982|5370|77.00|51.00|1293|2367|998707
2025-05-26 10:23|CK122|47.10|52.00|42.00|48.69|2287|98.04|687|11.24|668|64.73|596|97.04|213|67.54|744|54.34|762|3670|57.00|38.00|6161|4067|993839
2025-05-26 10:23|CK123|47.32|52.00|43.00|45.29|1053|97.52|921|83.46|835|28.87|1000|83.55|980|37.71|551|24.31|312|4599|57.00|38.00|1834|6736|998166
2025-05-26 10:23|CK124|70.17|77.00|63.00|68.07|517|62.38|636|50.00|781|93.68|357|13.46|597|99.85|1088|76.41|578|4037|84.00|56.00|1983|3351|998017
2025-05-26 10:23|CK125|51.36|56.00|46.00|47.56|2380|44.71|973|45.65|247|44.45|874|89.88|1061|19.52|968|79.06|892|5015|62.00|41.00|4253|2502|995747
2025-05-26 10:23|CK126|32.25|35.00|29.00|33.89|2870|31.06|758|98.27|469|66.74|1011|78.90|1050|95.88|391|85.04|1025|4704|39.00|26.00|5341|2831|994659
2025-05-26 10:23|CK127|76.87|85.00|69.00|77.23|1021|16.74|288|66.36|488|95.19|889|93.87|529|99.36|417|26.01|964|3575|92.00|61.00|9111|5711|990889
2025-05-26 10:23|CK128|26.93|30.00|24.00|25.73|2003|68.91|194|52.95|459|37.16|855|11.35|719|50.96|960|45.67|316|3503|32.00|22.00|9361|9482|990639
2025-05-26 10:23|CK129|13.80|15.00|12.00|13.83|3619|12.15|439|77.74|259|22.77|762|48.13|849|31.48|825|32.22|577|3711|17.00|11.00|465|2636|999535
2025-05-26 10:24|CK100|85.04|94.00|77.00|86.40|4903|13.20|859|59.15|754|34.69|795|85.79|492|98.36|239|67.47|1029|4168|102.00|68.00|5853|535|994147
2025-05-26 10:24|CK101|78.41|86.00|71.00|85.41|4257|99.48|915|65.98|714|65.78|874|13.64|726|59.48|656|43.99|768|4653|94.00|63.00|9592|9131|990408
2025-05-26 10:24|CK102|18.33|20.00|16.00|20.07|4646|37.62|375|53.73|337|22.55|107|22.79|988|93.14|477|35.45|162|2446|22.00|15.00|1104|6163|998896
2025-05-26 10:24|CK103|40.17|44.00|36.00|43.49|2385|74.06|1011|91.15|905|15.52|938|78.21|784|79.34|631|80.57|842|5111|48.00|32.00|2602|9601|997398
2025-05-26 10:24|CK104|35.49|39.00|32.00|32.80|1348|28.46|622|75.15|143|41.44|667|91.01|343|96.02|1086|13.38|752|3613|43.00|28.00|4824|9475|995176
2025-05-26 10:24|CK105|65.32|72.00|59.00|70.54|3354|95.50|583|50.27|669|24.95|862|26.53|155|51.41|578|52.07|515|3362|78.00|52.00|9024|6763|990976
2025-05-26 10:24|CK106|32.48|36.00|29.00|34.00|5202|94.66|489|58.34|633|96.44|480|16.94|632|44.44|568|49.54|984|3786|39.00|26.00|6049|2336|993951
2025-05-26 10:24|CK107|24.49|27.00|22.00|25.11|1408|23.06|103|55.82|271|54.35|374|90.40|897|37.20|718|84.16|1085|3448|29.00|20.00|8848|3465|991152
2025-05-26 10:24|CK108|41.60|46.00|37.00|40.53|4392|60.76|257|76.33|625|77.22|482|30.85|108|61.70|642|74.89|499|2613|50.00|33.00|3102|3062|996898
2025-05-26 10:24|CK109|53.53|59.00|48.00|49.46|1731|47.05|662|47.00|192|63.08|549|15.16|289|13.70|685|39.21|732|3109|64.00|43.00|6905|3370|993095
2025-05-26 10:24|CK110|87.61|96.00|79.00|95.23|4750|45.38|1007|36.95|677|74.65|394|72.01|105|80.22|760|11.45|314|3257|105.00|70.00|9228|9048|990772
2025-05-26 10:24|CK111|63.51|70.00|57.00|66.05|601|93.51|960|36.24|369|56.21|217|52.00|207|35.65|217|49.84|325|2295|76.00|51.00|710|7004|999290
2025-05-26 10:24|CK112|25.08|28.00|23.00|22.99|3038|57.83|249|37.74|356|63.78|852|55.15|631|16.93|367|94.09|846|3301|30.00|20.00|9219|1514|990781
2025-05-26 10:24|CK113|40.64|45.00|37.00|38.48|3540|94.05|558|50.85|557|80.45|427|27.53|370|84.80|247|57.52|791|2950|49.00|33.00|5418|3330|994582
2025-05-26 10:24|CK114|96.14|106.00|87.00|97.64|4384|92.71|988|91.39|804|44.56|1077|66.10|310|30.18|803|90.82|902|4884|115.00|77.00|4231|5124|995769
2025-05-26 10:24|CK115|69.12|76.00|62.00|74.77|5091|14.55|245|55.76|288|65.54|880|50.22|180|41.17|615|86.32|1075|3283|83.00|55.00|139|7545|999861
2025-05-26 10:24|CK116|66.71|73.00|60.00|63.25|2343|90.69|666|21.97|718|96.88|816|34.06|962|92.10|797|26.13|802|4761|80.00|53.00|2161|6881|997839
2025-05-26 10:24|CK117|92.71|102.00|83.00|98.87|2624|11.59|501|52.49|132|99.34|366|39.35|220|42.33|141|98.41|392|1752|111.00|74.00|7729|2561|992271
2025-05-26 10:24|CK118|10.17|11.00|9.00|10.20|551|28.90|126|10.54|363|44.12|216|94.85|840|52.26|118|82.04|903|2566|12.00|8.00|7364|1721|992636
2025-05-26 10:24|CK119|74.31|82.00|67.00|78.95|3335|13.21|302|77.61|442|56.32|407|15.20|295|10.46|115|37.82|167|1728|89.00|59.00|6134|7705|993866
2025-05-26 10:24|CK120|78.19|86.00|70.00|82.12|4261|50.92|322|28.30|1051|39.40|996|52.93|378|58.99|198|73.51|483|3428|94.00|63.00|5990|2645|994010
2025-05-26 10:24|CK121|63.85|70.00|57.00|58.47|1533|58.44|813|24.02|811|37.45|727|53.40|646|97.43|137|66.60|848|3982|77.00|51.00|5645|1497|994355
2025-05-26 10:24|CK122|47.10|52.00|42.00|50.46|831|45.83|361|41.33|1004|20.69|274|47.22|717|78.85|102|84.95|366|2824|57.00|38.00|77|3000|999923
2025-05-26 10:24|CK123|47.32|52.00|43.00|51.64|2853|54.11|174|88.29|985|95.66|554|86.90|367|38.11|398|57.63|726|3204|57.00|38.00|3278|7751|996722
2025-05-26 10:24|CK124|70.17|77.00|63.00|71.25|2548|71.84|673|47.15|601|88.29|383|43.85|719|20.08|378|38.70|476|3230|84.00|56.00|3168|8156|996832
2025-05-26 10:24|CK125|51.36|56.00|46.00|48.63|697|55.54|762|65.96|773|25.26|1009|19.38|910|75.52|267|62.87|731|4452|62.00|41.00|2992|3204|997008
2025-05-26 10:24|CK126|32.25|35.00|29.00|31.44|2050|93.19|109|91.27|278|78.72|533|25.51|344|18.49|333|59.44|262|1859|39.00|26.00|4172|2309|995828
2025-05-26 10:24|CK127|76.87|85.00|69.00|79.89|3853|65.32|275|65.61|555|30.17|190|50.05|1045|84.17|770|20.95|942|3777|92.00|61.00|7504|5386|992496
2025-05-26 10:24|CK128|26.93|30.00|24.00|27.70|4872|34.88|419|59.77|1092|90.17|586|66.07|342|10.09|186|50.40|240|2865|32.00|22.00|8063|5636|991937
2025-05-26 10:24|CK129|13.80|15.00|12.00|13.67|4515|20.01|609|14.50|157|22.43|977|89.05|213|48.22|537|37.15|911|3404|17.00|11.00|2740|8180|997260
2025-05-26 10:25|CK100|85.04|94.00|77.00|87.25|2817|67.57|784|74.71|464|80.40|115|80.93|599|36.88|1077|49.44|597|3636|102.00|68.00|921|7406|999079
2025-05-26 10:25|CK101|78.41|86.00|71.00|82.59|3189|37.71|656|50.30|604|79.71|121|18.94|328|52.14|1062|18.74|381|3152|94.00|63.00|6985|3233|993015
2025-05-26 10:25|CK102|18.33|20.00|16.00|17.59|632|71.67|976|50.21|596|71.80|185|41.57|914|42.60|877|96.31|834|4382|22.00|15.00|7550|826|992450
2025-05-26 10:25|CK103|40.17|44.00|36.00|41.36|2429|14.41|1067|59.21|717|76.30|128|50.10|773|75.22|116|92.04|490|3291|48.00|32.00|650|9417|999350
2025-05-26 10:25|CK104|35.49|39.00|32.00|38.78|587|72.80|499|19.29|152|29.50|456|26.78|952|59.62|425|22.58|233|2717|43.00|28.00|8600|9736|991400
2025-05-26 10:25|CK105|65.32|72.00|59.00|70.85|4419|48.00|850|34.66|525|18.69|882|77.53|1077|50.80|373|41.01|405|4112|78.00|52.00|5188|97|994812
2025-05-26 10:25|CK106|32.48|36.00|29.00|30.70|5482|61.11|283|41.27|584|37.44|544|52.92|818|66.58|487|38.44|780|3496|39.00|26.00|5265|5787|994735
2025-05-26 10:25|CK107|24.49|27.00|22.00|24.34|2068|44.44|460|63.57|511|88.43|254|68.27|571|53.31|633|13.64|887|3316|29.00|20.00|8653|7900|991347
2025-05-26 10:25|CK108|41.60|46.00|37.00|40.78|4470|89.99|1095|96.00|207|10.04|702|86.55|551|97.00|521|76.73|807|3883|50.00|33.00|2601|9834|997399
2025-05-26 10:25|CK109|53.53|59.00|48.00|54.60|3911|14.14|228|12.67|1096|96.53|427|68.95|1057|41.25|207|73.64|372|3387|64.00|43.00|1230|7638|998770
2025-05-26 10:25|CK110|87.61|96.00|79.00|94.81|4048|33.24|246|42.43|638|93.12|485|26.51|273|64.20|566|52.30|257|2465|105.00|70.00|7226|744|992774
2025-05-26 10:25|CK111|63.51|70.00|57.00|67.72|3169|32.88|1051|43.40|752|55.05|544|41.39|722|74.41|943|14.57|949|4961|76.00|51.00|7145|3067|992855
2025-05-26 10:25|CK112|25.08|28.00|23.00|25.92|3897|78.30|141|50.42|406|10.46|657|73.25|1043|19.56|643|37.74|1075|3965|30.00|20.00|6631|8509|993369
2025-05-26 10:25|CK113|40.64|45.00|37.00|41.40|5264|96.72|979|85.63|305|13.37|858|78.46|1075|36.20|826|55.84|771|4814|49.00|33.00|8728|3710|991272
2025-05-26 10:25|CK114|96.14|106.00|87.00|100.98|936|74.83|598|47.50|898|14.60|665|42.51|418|64.52|587|72.29|771|3937|115.00|77.00|447|6857|999553
2025-05-26 10:25|CK115|69.12|76.00|62.00|67.46|2223|21.53|820|66.94|1094|15.69|1056|94.21|534|26.67|222|83.83|868|4594|83.00|55.00|8604|2987|991396
2025-05-26 10:25|CK116|66.71|73.00|60.00|67.87|2458|26.52|514|49.70|400|71.15|1045|88.23|159|43.87|217|34.21|591|2926|80.00|53.00|4624|3217|995376
2025-05-26 10:25|CK117|92.71|102.00|83.00|90.84|3744|30.28|200|14.69|805|14.46|117|86.72|360|75.06|556|83.70|555|2593|111.00|74.00|7770|9023|992230
2025-05-26 10:25|CK118|10.17|11.00|9.00|10.18|1586|16.45|727|39.84|958|47.16|494|53.22|459|26.39|790|96.23|259|3687|12.00|8.00|9800|7506|990200
2025-05-26 10:25|CK119|74.31|82.00|67.00|74.29|3201|16.25|733|75.91|823|14.52|798|11.35|371|36.30|120|14.73|728|3573|89.00|59.00|8536|3441|991464
2025-05-26 10:25|CK120|78.19|86.00|70.00|75.77|2331|70.98|707|36.44|615|47.59|404|70.21|397|68.87|293|84.22|138|2554|94.00|63.00|9020|5686|990980
2025-05-26 10:25|CK121|63.85|70.00|57.00|66.24|4829|61.23|349|68.93|879|10.55|149|67.42|634|91.67|620|31.31|732|3363|77.00|51.00|7735|5538|992265
2025-05-26 10:25|CK122|47.10|52.00|42.00|49.10|3809|90.14|213|31.07|290|83.23|466|78.48|756|85.57|405|46.89|840|2970|57.00|38.00|6837|3566|993163
2025-05-26 10:25|CK123|47.32|52.00|43.00|46.59|2976|27.65|976|43.43|845|52.79|100|69.33|492|69.71|905|92.50|160|3478|57.00|38.00|6137|8676|993863
2025-05-26 10:25|CK124|70.17|77.00|63.00|72.26|1424|19.57|907|78.12|1019|76.85|1044|52.33|807|54.71|705|12.21|306|4788|84.00|56.00|4390|8286|995610
2025-05-26 10:25|CK125|51.36|56.00|46.00|56.00|678|20.56|104|99.80|992|38.58|1002|32.44|797|96.59|560|80.96|898|4353|62.00|41.00|7272|9068|992728
2025-05-26 10:25|CK126|32.25|35.00|29.00|33.66|1899|64.00|568|10.24|168|71.53|183|54.35|770|32.11|1046|79.17|642|3377|39.00|26.00|2327|8994|997673
2025-05-26 10:25|CK127|76.87|85.00|69.00|81.72|5487|67.70|880|99.57|1065|78.96|135|94.39|1078|67.10|435|74.84|161|3754|92.00|61.00|9934|4399|990066
2025-05-26 10:25|CK128|26.93|30.00|24.00|28.44|2885|31.82|764|68.75|674|75.39|305|63.85|734|91.43|709|57.75|542|3728|32.00|22.00|1619|9575|998381
2025-05-26 10:25|CK129|13.80|15.00|12.00|14.71|3912|66.56|442|94.49|979|18.27|975|98.38|1005|27.68|359|44.31|688|4448|17.00|11.00|9045|3811|990955
2025-05-26 10:26|CK100|85.04|94.00|77.00|83.65|1013|51.91|556|80.20|452|28.26|558|18.16|675|40.26|205|37.58|173|2619|102.00|68.00|1675|7931|998325
2025-05-26 10:26|CK101|78.41|86.00|71.00|74.49|1347|55.97|735|53.92|238|49.01|655|34.05|678|89.96|414|81.63|723|3443|94.00|63.00|5386|2359|994614
2025-05-26 10:26|CK102|18.33|20.00|16.00|17.99|2475|79.98|591|82.30|182|13.82|349|77.44|751|72.48|569|43.55|996|3438|22.00|15.00|8090|289|991910
2025-05-26 10:26|CK103|40.17|44.00|36.00|42.64|1843|69.34|844|72.35|121|61.26|983|73.25|126|34.16|578|44.19|848|3500|48.00|32.00|1497|5003|998503
2025-05-26 10:26|CK104|35.49|39.00|32.00|35.14|3383|51.79|226|86.20|1094|20.77|930|73.81|819|91.02|1020|55.98|458|4547|43.00|28.00|8804|7542|991196
2025-05-26 10:26|CK105|65.32|72.00|59.00|59.86|3930|70.55|909|10.96|1034|22.06|372|57.45|1057|15.83|768|36.88|938|5078|78.00|52.00|254|7662|999746
2025-05-26 10:26|CK106|32.48|36.00|29.00|33.65|1186|80.97|830|33.59|1071|28.42|370|15.56|155|79.38|1079|59.71|505|4010|39.00|26.00|9387|9955|990613
2025-05-26 10:26|CK107|24.49|27.00|22.00|26.35|2445|29.92|100|56.08|759|15.69|597|65.21|741|14.70|782|69.96|333|3312|29.00|20.00|3777|2646|996223
2025-05-26 10:26|CK108|41.60|46.00|37.00|43.10|1119|63.47|718|59.12|772|30.18|688|25.46|511|73.70|422|88.75|1086|4197|50.00|33.00|5187|5476|994813
2025-05-26 10:26|CK109|53.53|59.00|48.00|53.06|5462|45.62|186|22.37|792|39.29|696|14.36|391|50.66|741|86.86|663|3469|64.00|43.00|7666|7421|992334
2025-05-26 10:26|CK110|87.61|96.00|79.00|88.64|2400|57.73|881|97.83|568|99.60|410|74.48|812|34.50|1085|23.06|619|4375|105.00|70.00|3761|4589|996239
2025-05-26 10:26|CK111|63.51|70.00|57.00|59.71|3506|53.48|702|90.65|281|72.13|1079|71.24|981|79.02|348|22.29|543|3934|76.00|51.00|9167|8618|990833
2025-05-26 10:26|CK112|25.08|28.00|23.00|25.60|954|78.57|571|81.35|1030|12.99|567|33.12|708|64.42|1002|74.75|1036|4914|30.00|20.00|5436|2571|994564
2025-05-26 10:26|CK113|40.64|45.00|37.00|44.12|5366|87.19|393|22.66|594|38.74|371|37.08|1077|89.06|942|26.40|903|4280|49.00|33.00|1879|8990|998121
2025-05-26 10:26|CK114|96.14|106.00|87.00|87.40|4896|99.17|805|14.15|443|59.45|194|50.95|326|49.36|285|88.87|710|2763|115.00|77.00|8719|1588|991281
2025-05-26 10:26|CK115|69.12|76.00|62.00|70.27|4669|10.66|655|12.36|759|44.13|167|71.12|361|92.93|202|76.74|190|2334|83.00|55.00|2322|694|997678
2025-05-26 10:26|CK116|66.71|73.00|60.00|65.69|5476|32.50|130|38.16|118|16.00|970|72.62|715|35.69|1034|94.99|134|3101|80.00|53.00|2782|8419|997218
2025-05-26 10:26|CK117|92.71|102.00|83.00|94.12|1362|32.53|920|93.40|114|35.82|593|28.97|434|94.66|295|47.10|742|3098|111.00|74.00|7443|7998|992557
2025-05-26 10:26|CK118|10.17|11.00|9.00|10.21|4182|99.92|154|33.51|807|95.54|760|38.12|371|63.62|855|15.73|288|3235|12.00|8.00|5668|8677|994332
2025-05-26 10:26|CK119|74.31|82.00|67.00|81.61|4799|98.14|850|58.28|192|58.90|1037|40.16|145|58.73|637|98.81|976|3837|89.00|59.00|7974|8837|992026
2025-05-26 10:26|CK120|78.19|86.00|70.00|79.31|2808|76.12|669|83.37|160|19.07|1026|78.53|855|46.83|797|36.52|343|3850|94.00|63.00|1329|2244|998671
2025-05-26 10:26|CK121|63.85|70.00|57.00|60.83|2562|58.62|468|72.36|973|82.62|446|97.81|896|87.66|352|41.08|462|3597|77.00|51.00|655|2406|999345
2025-05-26 10:26|CK122|47.10|52.00|42.00|51.39|2239|78.30|650|72.96|260|86.55|510|54.25|255|91.82|490|38.93|291|2456|57.00|38.00|4999|8827|995001
2025-05-26 10:26|CK123|47.32|52.00|43.00|46.27|4970|42.27|385|24.41|360|99.17|807|53.11|159|81.48|162|17.28|851|2724|57.00|38.00|2261|4851|997739
2025-05-26 10:26|CK124|70.17|77.00|63.00|66.91|4186|91.71|243|68.40|457|27.12|576|66.12|965|40.57|936|70.13|177|3354|84.00|56.00|3951|5796|996049
2025-05-26 10:26|CK125|51.36|56.00|46.00|46.74|4602|69.43|175|31.35|840|11.82|104|72.16|882|34.13|421|39.23|170|2592|62.00|41.00|3522|1711|996478
2025-05-26 10:26|CK126|32.25|35.00|29.00|31.23|3487|89.59|937|33.76|628|24.36|1086|15.71|276|13.40|218|10.53|556|3701|39.00|26.00|1933|21|998067
2025-05-26 10:26|CK127|76.87|85.00|69.00|81.38|2809|72.06|260|19.72|498|66.54|347|41.38|346|26.92|1066|31.91|444|2961|92.00|61.00|2262|1181|997738
2025-05-26 10:26|CK128|26.93|30.00|24.00|26.39|2489|57.63|318|75.57|980|76.82|500|23.76|131|52.70|760|56.75|1021|3710|32.00|22.00|2173|4390|997827
2025-05-26 10:26|CK129|13.80|15.00|12.00|14.62|4531|35.09|545|47.18|355|78.32|617|66.30|176|53.32|545|99.13|245|2483|17.00|11.00|8664|1989|991336
2025-05-26 10:27|CK100|85.04|94.00|77.00|79.56|3066|79.10|219|36.47|615|95.32|577|29.68|659|43.26|767|36.07|945|3782|102.00|68.00|9476|5626|990524
2025-05-26 10:27|CK101|78.41|86.00|71.00|76.01|1559|65.32|530|78.08|161|29.57|160|85.40|391|98.10|249|46.21|764|2255|94.00|63.00|3363|6702|996637
2025-05-26 10:27|CK102|18.33|20.00|16.00|18.73|1130|63.51|422|13.54|990|99.85|606|92.82|653|20.35|308|76.81|960|3939|22.00|15.00|2421|1094|997579
2025-05-26 10:27|CK103|40.17|44.00|36.00|44.17|4153|10.68|151|56.11|437|62.45|245|85.84|252|44.70|614|93.01|320|2019|48.00|32.00|8770|22|991230
2025-05-26 10:27|CK104|35.49|39.00|32.00|37.72|4301|40.49|864|52.34|622|18.43|1073|75.95|1022|58.89|1092|78.73|446|5119|43.00|28.00|324|885|999676
2025-05-26 10:27|CK105|65.32|72.00|59.00|61.18|4906|89.38|501|90.25|816|98.82|1094|43.71|524|54.12|559|93.87|186|3680|78.00|52.00|9113|2639|990887
2025-05-26 10:27|CK106|32.48|36.00|29.00|33.23|2776|91.96|210|90.74|911|63.90|349|36.01|265|96.93|1076|64.88|752|3563|39.00|26.00|4496|1350|995504
2025-05-26 10:27|CK107|24.49|27.00|22.00|23.40|5276|46.64|345|56.22|122|34.88|445|77.17|723|35.22|1003|12.47|299|2937|29.00|20.00|6824|918|993176
2025-05-26 10:27|CK108|41.60|46.00|37.00|41.35|5173|97.86|1051|96.57|821|97.94|841|32.31|122|84.15|434|23.68|174|3443|50.00|33.00|2263|4493|997737
2025-05-26 10:27|CK109|53.53|59.00|48.00|56.38|955|71.50|115|53.82|485|55.95|386|85.67|1075|27.85|167|81.04|294|2522|64.00|43.00|5070|2139|994930
2025-05-26 10:27|CK110|87.61|96.00|79.00|90.33|4711|71.86|1056|50.26|917|83.41|625|27.51|210|33.79|731|88.58|361|3900|105.00|70.00|4611|8318|995389
2025-05-26 10:27|CK111|63.51|70.00|57.00|59.40|3078|37.96|1053|92.53|1043|23.61|748|80.72|403|20.50|266|79.64|854|4367|76.00|51.00|4321|5236|995679
2025-05-26 10:27|CK112|25.08|28.00|23.00|25.72|2902|72.62|230|30.73|1039|32.62|946|66.37|490|95.12|271|76.91|286|3262|30.00|20.00|2210|1969|997790
2025-05-26 10:27|CK113|40.64|45.00|37.00|44.42|3564|44.75|1011|69.72|167|94.72|588|49.17|470|63.57|954|10.49|819|4009|49.00|33.00|4144|2221|995856
2025-05-26 10:27|CK114|96.14|106.00|87.00|99.92|1879|21.33|811|67.81|603|58.22|1045|38.92|603|16.82|282|21.92|1093|4437|115.00|77.00|989|9164|999011
2025-05-26 10:27|CK115|69.12|76.00|62.00|70.89|3432|42.94|670|17.01|601|22.19|407|88.64|951|47.25|920|81.54|476|4025|83.00|55.00|6848|4534|993152
2025-05-26 10:27|CK116|66.71|73.00|60.00|73.02|1863|96.89|630|76.75|674|49.19|1095|96.35|861|52.69|513|69.36|261|4034|80.00|53.00|1815|2383|998185
2025-05-26 10:27|CK117|92.71|102.00|83.00|84.60|2214|90.32|762|77.32|1061|36.57|358|44.31|889|58.72|1082|75.17|683|4835|111.00|74.00|9047|3756|990953
2025-05-26 10:27|CK118|10.17|11.00|9.00|9.24|1262|76.97|442|89.56|129|52.13|1040|15.01|952|15.96|595|41.58|713|3871|12.00|8.00|3606|8691|996394
2025-05-26 10:27|CK119|74.31|82.00|67.00|71.08|2881|88.06|1047|35.16|177|17.70|926|16.70|685|72.16|128|42.41|676|3639|89.00|59.00|2705|8352|997295
2025-05-26 10:27|CK120|78.19|86.00|70.00|70.90|3240|61.36|412|77.01|1091|55.29|709|84.64|742|84.95|197|59.88|909|4060|94.00|63.00|5636|9448|994364
2025-05-26 10:27|CK121|63.85|70.00|57.00|58.87|4372|27.79|654|15.57|477|22.67|582|89.42|503|35.39|917|93.60|1039|4172|77.00|51.00|6902|8446|993098
2025-05-26 10:27|CK122|47.10|52.00|42.00|50.23|4398|68.84|559|49.96|662|80.37|470|38.57|831|80.84|803|19.68|543|3868|57.00|38.00|4254|6256|995746
2025-05-26 10:27|CK123|47.32|52.00|43.00|51.25|4277|85.99|1082|99.84|906|81.11|803|66.62|668|49.94|522|31.93|215|4196|57.00|38.00|5005|8022|994995
2025-05-26 10:27|CK124|70.17|77.00|63.00|73.12|1510|30.93|676|54.95|495|76.36|742|31.62|1064|87.77|348|51.96|288|3613|84.00|56.00|7072|4826|992928
2025-05-26 10:27|CK125|51.36|56.00|46.00|56.06|3400|81.72|216|47.42|793|40.95|304|86.15|946|92.35|167|73.92|308|2734|62.00|41.00|4522|5224|995478
2025-05-26 10:27|CK126|32.25|35.00|29.00|30.73|2476|75.42|182|54.08|1098|85.95|493|65.43|488|36.89|235|94.29|363|2859|39.00|26.00|297|5086|999703
2025-05-26 10:27|CK127|76.87|85.00|69.00|80.51|4286|11.94|638|89.94|180|65.97|1071|37.78|821|64.82|477|13.04|960|4147|92.00|61.00|4594|4741|995406
2025-05-26 10:27|CK128|26.93|30.00|24.00|26.54|1870|51.34|845|14.15|698|34.68|141|28.92|508|20.85|1016|60.85|887|4095|32.00|22.00|8742|4337|991258
2025-05-26 10:27|CK129|13.80|15.00|12.00|12.58|4498|53.20|141|73.55|994|31.52|214|62.91|692|10.72|420|80.78|283|2744|17.00|11.00|7435|2691|992565
2025-05-26 10:28|CK100|85.04|94.00|77.00|82.12|5386|87.92|644|41.41|137|64.88|642|89.44|437|34.85|251|11.16|1029|3140|102.00|68.00|4703|4892|995297
2025-05-26 10:28|CK101|78.41|86.00|71.00|79.19|5441|53.29|471|55.32|439|16.80|648|70.35|149|85.18|157|94.44|338|2202|94.00|63.00|8114|2018|991886
2025-05-26 10:28|CK102|18.33|20.00|16.00|20.08|3206|82.13|486|12.62|451|36.42|264|90.46|619|15.90|1016|35.89|301|3137|22.00|15.00|7828|397|992172
2025-05-26 10:28|CK103|40.17|44.00|36.00|42.99|3696|82.04|217|82.83|287|64.45|815|26.95|913|58.23|446|42.67|318|2996|48.00|32.00|7600|5763|992400
2025-05-26 10:28|CK104|35.49|39.00|32.00|32.10|3876|26.64|1087|79.04|634|69.58|1035|58.13|218|68.90|162|74.33|721|3857|43.00|28.00|3812|5829|996188
2025-05-26 10:28|CK105|65.32|72.00|59.00|62.74|2304|25.19|661|22.40|331|42.53|411|82.97|649|96.49|942|37.13|219|3213|78.00|52.00|9467|5724|990533
2025-05-26 10:28|CK106|32.48|36.00|29.00|35.34|3290|66.83|260|77.49|658|19.86|893|49.05|347|45.03|819|96.73|720|3697|39.00|26.00|7518|2307|992482
2025-05-26 10:28|CK107|24.49|27.00|22.00|24.99|1925|57.04|571|26.33|397|58.29|260|63.85|993|62.58|261|36.81|545|3027|29.00|20.00|1392|2104|998608
2025-05-26 10:28|CK108|41.60|46.00|37.00|40.80|4982|48.97|791|40.15|507|25.59|798|85.21|501|53.27|381|40.22|527|3505|50.00|33.00|5681|7647|994319
2025-05-26 10:28|CK109|53.53|59.00|48.00|51.75|1191|84.70|242|88.06|809|21.33|973|88.44|463|40.40|954|68.75|223|3664|64.00|43.00|991|6329|999009
2025-05-26 10:28|CK110|87.61|96.00|79.00|82.20|1611|11.16|774|15.63|438|71.85|1006|70.82|837|38.50|630|20.45|920|4605|105.00|70.00|2276|3386|997724
2025-05-26 10:28|CK111|63.51|70.00|57.00|68.02|4985|91.42|610|69.02|352|65.08|376|47.01|718|62.26|700|99.93|1056|3812|76.00|51.00|6603|4175|993397
2025-05-26 10:28|CK112|25.08|28.00|23.00|26.93|5239|22.02|771|64.91|1064|34.68|621|42.96|892|73.65|501|37.18|227|4076|30.00|20.00|426|6161|999574
2025-05-26 10:28|CK113|40.64|45.00|37.00|39.26|5102|82.58|493|98.87|1015|55.43|269|87.67|407|76.64|375|11.27|819|3378|49.00|33.00|90|4954|999910
2025-05-26 10:28|CK114|96.14|106.00|87.00|94.33|4434|59.71|493|58.28|576|50.37|172|31.21|826|70.65|630|62.57|1072|3769|115.00|77.00|6221|1812|993779
2025-05-26 10:28|CK115|69.12|76.00|62.00|70.34|4714|17.70|800|83.79|1052|52.56|869|24.80|594|45.58|755|99.28|657|4727|83.00|55.00|9214|4749|990786
2025-05-26 10:28|CK116|66.71|73.00|60.00|65.87|2142|50.87|985|40.33|402|99.73|680|77.65|788|14.53|745|38.93|619|4219|80.00|53.00|9571|5333|990429
2025-05-26 10:28|CK117|92.71|102.00|83.00|99.19|5138|10.43|586|55.01|734|69.77|491|68.10|901|49.99|815|15.57|1086|4613|111.00|74.00|7870|448|992130
2025-05-26 10:28|CK118|10.17|11.00|9.00|10.53|1018|40.35|695|87.34|915|41.33|255|25.14|431|96.83|961|28.84|186|3443|12.00|8.00|8795|302|991205
2025-05-26 10:28|CK119|74.31|82.00|67.00|75.99|5189|39.17|556|20.30|927|99.03|421|87.66|152|54.23|772|67.67|142|2970|89.00|59.00|800|5533|999200
2025-05-26 10:28|CK120|78.19|86.00|70.00|72.25|1290|47.82|1078|12.70|391|78.88|871|93.79|785|68.52|165|17.98|775|4065|94.00|63.00|5681|5951|994319
2025-05-26 10:28|CK121|63.85|70.00|57.00|57.77|696|88.95|980|38.43|706|13.72|156|53.41|409|32.99|1056|19.76|379|3686|77.00|51.00|4391|3268|995609
2025-05-26 10:28|CK122|47.10|52.00|42.00|50.45|5188|43.50|289|30.16|919|40.36|895|21.11|253|97.91|823|32.45|322|3501|57.00|38.00|9398|3433|990602
2025-05-26 10:28|CK123|47.32|52.00|43.00|44.16|4892|36.65|931|52.10|185|85.86|204|21.83|742|17.78|545|29.00|1071|3678|57.00|38.00|3764|5558|996236
2025-05-26 10:28|CK124|70.17|77.00|63.00|75.50|4647|67.29|867|13.70|584|28.86|1080|32.75|393|34.27|575|61.31|789|4288|84.00|56.00|844|1098|999156
2025-05-26 10:28|CK125|51.36|56.00|46.00|49.77|1911|25.05|824|22.97|940|93.37|167|41.85|894|53.68|566|51.94|683|4074|62.00|41.00|3416|9325|996584
2025-05-26 10:28|CK126|32.25|35.00|29.00|35.03|2836|59.05|831|56.38|908|46.98|304|56.82|452|31.72|793|71.77|721|4009|39.00|26.00|5862|1411|994138
2025-05-26 10:28|CK127|76.87|85.00|69.00|78.07|3629|93.69|709|26.95|268|28.75|709|60.21|1091|19.27|309|48.68|135|3221|92.00|61.00|5263|7196|994737
2025-05-26 10:28|CK128|26.93|30.00|24.00|29.23|3324|41.30|126|63.93|348|20.20|1096|24.53|608|61.41|786|65.70|491|3455|32.00|22.00|498|9601|999502
2025-05-26 10:28|CK129|13.80|15.00|12.00|12.56|3089|24.93|1019|96.51|447|21.59|649|73.16|621|40.76|148|17.81|144|3028|17.00|11.00|5176|4002|994824
2025-05-26 10:29|CK100|85.04|94.00|77.00|79.21|2962|91.83|369|92.61|499|24.48|779|44.89|549|53.30|179|72.99|171|2546|102.00|68.00|9141|7163|990859
2025-05-26 10:29|CK101|78.41|86.00|71.00|74.65|4100|70.68|610|70.90|1002|93.58|104|66.71|181|11.81|231|19.90|415|2543|94.00|63.00|3832|2703|996168
2025-05-26 10:29|CK102|18.33|20.00|16.00|16.57|3361|15.58|926|61.29|788|73.48|1003|18.02|854|55.65|509|82.23|472|4552|22.00|15.00|7737|5164|992263
2025-05-26 10:29|CK103|40.17|44.00|36.00|40.96|718|21.96|626|27.42|674|96.00|563|27.53|985|94.88|152|18.77|109|3109|48.00|32.00|5821|1243|994179
2025-05-26 10:29|CK104|35.49|39.00|32.00|38.77|3748|39.10|441|17.44|650|76.43|1006|81.09|135|31.18|119|75.48|993|3344|43.00|28.00|6291|9518|993709
2025-05-26 10:29|CK105|65.32|72.00|59.00|59.24|2325|75.65|428|93.37|933|56.52|980|25.79|292|87.59|717|80.81|904|4254|78.00|52.00|3127|2382|996873
2025-05-26 10:29|CK106|32.48|36.00|29.00|33.82|2701|45.50|216|24.01|153|94.02|475|43.53|705|96.58|724|69.65|574|2847|39.00|26.00|8326|5249|991674
2025-05-26 10:29|CK107|24.49|27.00|22.00|26.16|4357|56.97|822|71.11|661|48.43|896|72.84|476|72.51|1005|78.62|512|4372|29.00|20.00|9257|5060|990743
2025-05-26 10:29|CK108|41.60|46.00|37.00|41.05|2871|29.69|718|27.78|902|64.26|494|49.22|278|16.05|610|21.33|257|3259|50.00|33.00|1517|1062|998483
2025-05-26 10:29|CK109|53.53|59.00|48.00|51.71|3905|60.35|758|98.38|409|99.66|488|55.97|767|48.30|835|26.26|477|3734|64.00|43.00|8940|6348|991060
2025-05-26 10:29|CK110|87.61|96.00|79.00|89.63|878|38.47|306|99.71|972|31.67|480|29.77|411|19.19|863|55.55|1080|4112|105.00|70.00|7235|7249|992765
2025-05-26 10:29|CK111|63.51|70.00|57.00|61.18|5176|34.35|218|77.96|413|78.95|534|95.63|418|17.31|1084|77.34|951|3618|76.00|51.00|2794|8808|997206
2025-05-26 10:29|CK112|25.08|28.00|23.00|24.90|4173|32.98|1062|47.48|454|90.24|483|95.64|263|40.48|205|93.56|816|3283|30.00|20.00|2703|7076|997297
2025-05-26 10:29|CK113|40.64|45.00|37.00|41.76|4923|47.62|122|15.37|141|67.82|329|20.09|323|80.86|149|20.03|426|1490|49.00|33.00|8220|7178|991780
2025-05-26 10:29|CK114|96.14|106.00|87.00|100.52|841|26.08|600|36.20|466|70.63|423|14.46|768|87.26|1099|99.77|633|3989|115.00|77.00|8631|7648|991369
2025-05-26 10:29|CK115|69.12|76.00|62.00|65.63|1898|67.11|1083|91.22|540|47.24|938|73.27|756|42.63|349|26.19|546|4212|83.00|55.00|3291|5363|996709
2025-05-26 10:29|CK116|66.71|73.00|60.00|66.64|3817|88.57|771|81.99|895|64.87|1082|49.84|554|41.20|707|94.27|720|4729|80.00|53.00|5741|4123|994259
2025-05-26 10:29|CK117|92.71|102.00|83.00|91.40|1263|33.04|514|42.35|150|21.00|263|25.78|509|15.07|1050|42.33|437|2923|111.00|74.00|1403|5385|998597
2025-05-26 10:29|CK118|10.17|11.00|9.00|9.33|1817|96.67|420|23.08|857|39.26|481|29.84|643|34.56|247|86.37|584|3232|12.00|8.00|1998|3992|998002
2025-05-26 10:29|CK119|74.31|82.00|67.00|73.06|2656|99.08|1047|28.04|284|37.27|1013|46.76|1072|54.94|385|84.35|726|4527|89.00|59.00|3495|1224|996505
2025-05-26 10:29|CK120|78.19|86.00|70.00|85.91|5110|21.81|1080|76.41|169|90.98|255|86.86|808|22.08|373|17.53|385|3070|94.00|63.00|5676|2699|994324
2025-05-26 10:29|CK121|63.85|70.00|57.00|67.14|3327|13.56|1019|68.47|941|46.31|384|54.27|722|70.40|784|67.69|507|4357|77.00|51.00|708|9909|999292
2025-05-26 10:29|CK122|47.10|52.00|42.00|48.60|5252|35.75|690|51.06|1023|44.04|512|99.31|464|58.25|1067|28.94|269|4025|57.00|38.00|9605|1437|990395
2025-05-26 10:29|CK123|47.32|52.00|43.00|50.12|2074|92.37|443|90.72|718|69.92|267|10.32|268|21.95|325|81.10|633|2654|57.00|38.00|1526|8079|998474
2025-05-26 10:29|CK124|70.17|77.00|63.00|73.93|1598|36.54|989|83.10|817|94.08|1041|18.06|386|94.47|296|49.27|937|4466|84.00|56.00|748|9752|999252
2025-05-26 10:29|CK125|51.36|56.00|46.00|55.22|3546|93.16|733|55.23|544|71.66|417|90.04|542|56.88|138|29.30|119|2493|62.00|41.00|2675|4494|997325
2025-05-26 10:29|CK126|32.25|35.00|29.00|32.17|640|58.24|445|86.20|403|77.19|279|20.76|175|20.56|993|61.26|625|2920|39.00|26.00|3229|1499|996771
2025-05-26 10:29|CK127|76.87|85.00|69.00|69.78|1333|59.87|1050|19.03|505|95.00|1088|55.43|580|90.95|435|66.01|543|4201|92.00|61.00|1465|7472|998535
2025-05-26 10:29|CK128|26.93|30.00|24.00|27.29|2718|78.65|874|61.74|824|12.78|319|39.84|1046|61.24|716|39.24|429|4208|32.00|22.00|6071|3400|993929
2025-05-26 10:29|CK129|13.80|15.00|12.00|13.48|3331|81.43|792|32.63|548|53.20|750|67.85|608|16.76|812|48.39|1054|4564|17.00|11.00|9919|3810|990081
2025-05-26 10:30|CK100|85.04|94.00|77.00|79.07|5060|59.54|403|86.25|612|70.09|853|85.05|446|17.08|307|93.34|595|3216|102.00|68.00|4142|5407|995858
2025-05-26 10:30|CK101|78.41|86.00|71.00|76.91|3606|24.53|774|85.12|676|15.13|230|37.31|275|36.21|663|36.89|589|3207|94.00|63.00|8403|5870|991597
2025-05-26 10:30|CK102|18.33|20.00|16.00|20.04|5415|98.39|572|89.03|273|99.68|238|80.19|254|87.27|453|73.43|527|2317|22.00|15.00|2660|8228|997340
2025-05-26 10:30|CK103|40.17|44.00|36.00|41.72|1635|45.13|687|81.60|887|53.58|288|55.73|796|23.57|584|65.47|939|4181|48.00|32.00|3668|3275|996332
2025-05-26 10:30|CK104|35.49|39.00|32.00|37.67|1370|97.08|516|47.03|142|36.17|699|95.26|327|68.33|743|48.47|969|3396|43.00|28.00|7649|2535|992351
2025-05-26 10:30|CK105|65.32|72.00|59.00|63.46|1269|22.54|238|84.69|517|23.50|289|97.65|724|74.53|420|50.90|759|2947|78.00|52.00|8628|6749|991372
2025-05-26 10:30|CK106|32.48|36.00|29.00|33.51|2528|38.74|848|50.43|1027|26.22|1033|40.29|342|46.40|947|37.63|1072|5269|39.00|26.00|1754|2943|998246
2025-05-26 10:30|CK107|24.49|27.00|22.00|25.78|5459|80.31|856|58.40|980|24.28|397|38.03|303|87.14|869|85.99|804|4209|29.00|20.00|7513|1332|992487
2025-05-26 10:30|CK108|41.60|46.00|37.00|39.16|555|65.66|986|36.85|856|61.03|181|86.00|231|51.34|577|59.16|942|3773|50.00|33.00|8618|4621|991382
2025-05-26 10:30|CK109|53.53|59.00|48.00|53.60|2739|96.75|458|19.80|414|14.21|335|31.22|814|52.39|253|81.59|921|3195|64.00|43.00|8828|5097|991172
2025-05-26 10:30|CK110|87.61|96.00|79.00|82.16|3336|83.98|346|49.54|234|62.56|912|24.98|870|47.49|921|97.10|190|3473|105.00|70.00|7883|4569|992117
2025-05-26 10:30|CK111|63.51|70.00|57.00|60.85|4401|18.50|858|87.40|411|12.67|899|29.03|777|79.28|939|89.69|456|4340|76.00|51.00|7542|4134|992458
2025-05-26 10:30|CK112|25.08|28.00|23.00|24.54|683|18.52|793|55.07|917|88.94|554|31.19|1039|91.23|198|44.39|256|3757|30.00|20.00|6693|7628|993307
2025-05-26 10:30|CK113|40.64|45.00|37.00|38.24|810|93.04|883|14.23|329|91.58|642|66.37|970|13.51|786|69.32|907|4517|49.00|33.00|5555|3823|994445
2025-05-26 10:30|CK114|96.14|106.00|87.00|88.92|1049|86.90|908|65.16|569|35.55|825|63.17|516|35.26|777|71.33|733|4328|115.00|77.00|2844|2768|997156
2025-05-26 10:30|CK115|69.12|76.00|62.00|67.52|4149|98.38|496|43.98|176|32.59|228|16.06|498|30.33|893|11.64|311|2602|83.00|55.00|8160|6094|991840
2025-05-26 10:30|CK116|66.71|73.00|60.00|61.83|3107|63.53|1050|27.23|442|87.50|574|93.38|636|80.00|491|38.30|321|3514|80.00|53.00|393|785|999607
2025-05-26 10:30|CK117|92.71|102.00|83.00|94.94|599|31.73|1066|77.46|593|28.38|901|54.50|139|74.80|622|85.37|235|3556|111.00|74.00|4348|4248|995652
2025-05-26 10:30|CK118|10.17|11.00|9.00|9.33|5246|82.28|1080|77.45|345|53.84|748|66.48|950|11.00|224|80.10|224|3571|12.00|8.00|5680|3728|994320
2025-05-26 10:30|CK119|74.31|82.00|67.00|75.62|4551|24.89|763|77.96|1057|59.38|230|17.39|696|64.18|125|41.42|545|3416|89.00|59.00|8181|7231|991819
2025-05-26 10:30|CK120|78.19|86.00|70.00|75.05|1852|37.58|594|68.38|966|12.11|152|28.12|528|92.88|631|83.03|251|3122|94.00|63.00|6733|7152|993267
2025-05-26 10:30|CK121|63.85|70.00|57.00|59.87|519|34.77|781|94.65|165|71.13|324|98.51|698|12.63|681|48.87|675|3324|77.00|51.00|5906|7037|994094
2025-05-26 10:30|CK122|47.10|52.00|42.00|44.63|5070|20.82|979|25.75|1094|15.15|702|12.91|296|40.64|949|49.43|1052|5072|57.00|38.00|4544|1005|995456
2025-05-26 10:30|CK123|47.32|52.00|43.00|44.78|4312|77.69|702|79.05|545|57.33|997|71.95|392|54.22|376|45.09|362|3374|57.00|38.00|8914|8979|991086
2025-05-26 10:30|CK124|70.17|77.00|63.00|64.64|2808|91.88|147|62.98|846|24.90|113|88.74|585|81.86|838|11.55|667|3196|84.00|56.00|1400|965|998600
2025-05-26 10:30|CK125|51.36|56.00|46.00|54.88|3308|91.69|862|83.67|672|72.73|497|72.99|298|31.12|671|90.24|1006|4006|62.00|41.00|6707|2127|993293
2025-05-26 10:30|CK126|32.25|35.00|29.00|31.37|4017|35.94|958|35.19|1090|95.02|857|54.08|988|48.08|593|87.28|178|4664|39.00|26.00|7012|1548|992988
2025-05-26 10:30|CK127|76.87|85.00|69.00|69.55|5035|40.60|453|71.33|346|20.14|675|95.21|1074|17.12|441|71.93|791|3780|92.00|61.00|8782|9563|991218
2025-05-26 10:30|CK128|26.93|30.00|24.00|25.82|5292|76.77|377|73.78|114|88.74|417|20.06|602|83.99|852|66.91|340|2702|32.00|22.00|1601|5934|998399
2025-05-26 10:30|CK129|13.80|15.00|12.00|13.39|554|79.43|428|15.57|137|42.65|147|10.11|884|99.98|976|14.38|314|2886|17.00|11.00|1815|7521|998185
2025-05-26 10:48|CK100|85.04|94.00|77.00|80.93|3030|92.02|748|12.55|461|77.31|334|54.65|394|29.33|736|41.08|792|3465|102.00|68.00|1339|7017|998661
2025-05-26 10:48|CK101|78.41|86.00|71.00|84.53|5136|10.70|749|85.87|650|57.14|992|93.54|142|43.96|507|78.24|455|3495|94.00|63.00|9923|889|990077
2025-05-26 10:48|CK102|18.33|20.00|16.00|18.87|5215|45.57|917|63.60|494|43.02|679|26.50|475|20.36|940|59.31|363|3868|22.00|15.00|9218|5501|990782
2025-05-26 10:48|CK103|40.17|44.00|36.00|43.86|2288|93.99|598|58.76|802|10.75|254|84.30|409|30.44|610|62.94|388|3061|48.00|32.00|4329|647|995671
2025-05-26 10:48|CK104|35.49|39.00|32.00|38.27|1322|56.19|225|47.14|913|15.88|358|93.80|238|93.41|701|22.97|735|3170|43.00|28.00|1400|5603|998600
2025-05-26 10:48|CK105|65.32|72.00|59.00|65.23|1965|64.88|569|35.39|469|22.24|322|77.08|232|61.44|630|88.80|1063|3285|78.00|52.00|6675|9800|993325
2025-05-26 10:48|CK106|32.48|36.00|29.00|31.56|3628|46.78|552|77.20|931|20.94|367|31.30|883|99.40|869|10.89|996|4598|39.00|26.00|8515|8494|991485
2025-05-26 10:48|CK107|24.49|27.00|22.00|24.34|3588|54.66|242|59.68|411|44.40|282|76.08|1094|78.17|495|97.67|802|3326|29.00|20.00|1817|6154|998183
2025-05-26 10:48|CK108|41.60|46.00|37.00|38.87|2441|85.65|429|16.62|992|98.81|740|26.80|178|50.81|415|92.05|815|3569|50.00|33.00|9907|6521|990093
2025-05-26 10:48|CK109|53.53|59.00|48.00|50.57|3343|98.73|840|35.12|680|98.44|817|42.24|487|98.56|971|44.80|598|4393|64.00|43.00|7337|1457|992663
2025-05-26 10:48|CK110|87.61|96.00|79.00|92.35|2829|50.40|750|22.82|804|61.90|546|61.84|320|84.45|872|38.17|861|4153|105.00|70.00|8290|3282|991710
2025-05-26 10:48|CK111|63.51|70.00|57.00|68.60|1451|59.94|313|51.24|1006|96.69|1007|56.87|385|44.89|873|80.23|531|4115|76.00|51.00|5888|4552|994112
2025-05-26 10:48|CK112|25.08|28.00|23.00|23.79|609|63.20|555|11.18|931|60.60|1005|36.65|289|40.56|794|64.71|604|4178|30.00|20.00|440|8677|999560
2025-05-26 10:48|CK113|40.64|45.00|37.00|39.37|2268|60.20|164|42.30|1052|67.67|934|84.71|254|67.66|960|57.00|214|3578|49.00|33.00|8636|5795|991364
2025-05-26 10:48|CK114|96.14|106.00|87.00|90.63|1791|51.01|713|28.65|1068|97.55|772|48.93|267|63.14|845|41.18|627|4292|115.00|77.00|1538|557|998462
2025-05-26 10:48|CK115|69.12|76.00|62.00|64.16|5432|99.42|121|46.97|1010|94.40|681|76.35|622|30.60|877|34.14|838|4149|83.00|55.00|8372|4716|991628
2025-05-26 10:48|CK116|66.71|73.00|60.00|61.49|4255|72.03|469|44.95|663|59.38|1001|78.55|838|12.30|717|94.83|448|4136|80.00|53.00|7984|3349|992016
2025-05-26 10:48|CK117|92.71|102.00|83.00|93.12|2844|31.38|436|83.46|931|85.55|110|74.27|179|86.74|897|88.76|385|2938|111.00|74.00|4735|2080|995265
2025-05-26 10:48|CK118|10.17|11.00|9.00|9.98|4591|12.01|448|73.66|935|97.21|275|15.70|720|79.05|880|75.82|784|4042|12.00|8.00|5777|3478|994223
2025-05-26 10:48|CK119|74.31|82.00|67.00|78.08|4270|22.98|582|89.76|1041|77.29|466|14.72|625|49.54|688|61.57|653|4055|89.00|59.00|9812|3180|990188
2025-05-26 10:48|CK120|78.19|86.00|70.00|80.91|1386|19.28|806|48.49|1007|13.20|1046|59.03|448|36.33|493|62.56|135|3935|94.00|63.00|3236|7805|996764
2025-05-26 10:48|CK121|63.85|70.00|57.00|67.44|2971|56.28|1089|14.76|743|30.90|188|22.44|1099|76.77|600|18.29|778|4497|77.00|51.00|9314|756|990686
2025-05-26 10:48|CK122|47.10|52.00|42.00|51.27|4792|21.68|582|58.46|964|40.12|970|21.03|158|43.70|894|39.71|516|4084|57.00|38.00|6879|8271|993121
2025-05-26 10:48|CK123|47.32|52.00|43.00|45.84|3634|52.61|807|79.83|467|11.46|835|92.00|580|12.92|698|47.11|495|3882|57.00|38.00|8678|1671|991322
2025-05-26 10:48|CK124|70.17|77.00|63.00|75.76|5411|45.64|1053|89.15|1009|83.26|580|22.83|378|40.26|560|15.55|110|3690|84.00|56.00|6091|8717|993909
2025-05-26 10:48|CK125|51.36|56.00|46.00|47.29|3785|99.42|1067|56.67|334|54.63|359|55.84|822|60.46|1080|40.52|352|4014|62.00|41.00|4947|9633|995053
2025-05-26 10:48|CK126|32.25|35.00|29.00|33.74|3913|51.71|308|54.52|561|50.33|160|17.74|568|75.90|140|30.87|648|2385|39.00|26.00|6335|842|993665
2025-05-26 10:48|CK127|76.87|85.00|69.00|78.87|1375|40.80|681|75.95|721|83.42|847|45.84|889|62.60|877|53.79|632|4647|92.00|61.00|1245|6626|998755
2025-05-26 10:48|CK128|26.93|30.00|24.00|27.38|1720|49.95|332|65.75|1083|11.27|452|30.17|372|66.17|220|45.82|729|3188|32.00|22.00|9916|9761|990084
2025-05-26 10:48|CK129|13.80|15.00|12.00|14.88|2192|66.74|570|18.58|675|51.06|396|12.41|215|75.35|1000|28.19|944|3800|17.00|11.00|3154|7179|996846
2025-05-26 10:49|CK100|85.04|94.00|77.00|85.30|2549|43.86|894|86.45|664|37.73|696|23.02|107|13.34|268|48.60|574|3203|102.00|68.00|7361|285|992639
2025-05-26 10:49|CK101|78.41|86.00|71.00|76.02|2426|27.57|686|91.99|736|52.08|532|52.33|692|78.16|167|34.16|545|3358|94.00|63.00|8862|7531|991138
2025-05-26 10:49|CK102|18.33|20.00|16.00|17.21|5485|71.54|430|85.84|106|59.68|179|80.59|745|66.25|112|46.37|238|1810|22.00|15.00|7210|4954|992790
2025-05-26 10:49|CK103|40.17|44.00|36.00|38.63|4233|19.75|222|35.93|427|24.21|421|74.23|295|18.22|482|89.91|822|2669|48.00|32.00|1273|5694|998727
2025-05-26 10:49|CK104|35.49|39.00|32.00|37.09|4567|89.50|1088|83.26|850|55.10|322|63.17|879|22.15|762|45.70|768|4669|43.00|28.00|5503|5925|994497
2025-05-26 10:49|CK105|65.32|72.00|59.00|62.67|2917|13.90|619|82.51|542|66.36|543|57.36|284|24.00|270|13.66|732|2990|78.00|52.00|8227|6143|991773
2025-05-26 10:49|CK106|32.48|36.00|29.00|29.81|2182|55.81|850|94.69|462|83.86|626|92.40|869|11.93|253|29.23|162|3222|39.00|26.00|3849|377|996151
2025-05-26 10:49|CK107|24.49|27.00|22.00|26.34|3283|19.35|851|21.24|1031|54.72|474|72.37|404|17.21|949|32.62|919|4628|29.00|20.00|9561|2|990439
2025-05-26 10:49|CK108|41.60|46.00|37.00|43.82|2726|68.93|391|48.84|285|72.79|369|10.04|426|43.49|546|22.30|113|2130|50.00|33.00|663|4313|999337
2025-05-26 10:49|CK109|53.53|59.00|48.00|52.52|3237|92.04|297|27.98|996|53.60|857|83.87|512|52.05|1088|57.29|627|4377|64.00|43.00|6116|3574|993884
2025-05-26 10:49|CK110|87.61|96.00|79.00|96.11|5335|79.13|107|90.43|1068|51.41|732|63.08|481|57.22|775|23.76|106|3269|105.00|70.00|8643|3260|991357
2025-05-26 10:49|CK111|63.51|70.00|57.00|62.25|511|89.16|548|78.85|630|91.09|393|73.42|296|94.29|489|85.34|302|2658|76.00|51.00|8257|4743|991743
2025-05-26 10:49|CK112|25.08|28.00|23.00|24.43|2969|55.35|458|92.52|1047|24.41|464|77.82|326|61.04|379|62.75|684|3358|30.00|20.00|6467|6677|993533
2025-05-26 10:49|CK113|40.64|45.00|37.00|38.56|5498|15.48|376|48.53|485|94.43|934|85.90|921|68.16|527|41.90|473|3716|49.00|33.00|7574|7758|992426
2025-05-26 10:49|CK114|96.14|106.00|87.00|92.57|1080|28.06|302|26.84|267|43.66|239|71.78|502|25.95|543|19.40|933|2786|115.00|77.00|8822|814|991178
2025-05-26 10:49|CK115|69.12|76.00|62.00|65.69|4288|74.30|380|29.17|112|29.69|307|83.55|639|51.52|711|45.57|1036|3185|83.00|55.00|9828|7056|990172
2025-05-26 10:49|CK116|66.71|73.00|60.00|73.25|5159|93.76|1074|11.57|890|84.39|1076|81.54|934|23.22|905|33.36|976|5855|80.00|53.00|6912|4469|993088
2025-05-26 10:49|CK117|92.71|102.00|83.00|89.47|2376|35.56|589|89.70|768|37.94|914|44.06|876|82.94|333|67.24|593|4073|111.00|74.00|817|910|999183
2025-05-26 10:49|CK118|10.17|11.00|9.00|9.26|3079|33.61|491|86.86|670|94.17|630|69.41|817|42.83|686|14.46|1092|4386|12.00|8.00|7393|2935|992607
2025-05-26 10:49|CK119|74.31|82.00|67.00|79.76|3911|64.97|330|73.06|712|59.78|598|26.05|844|81.68|932|76.23|810|4226|89.00|59.00|3238|4897|996762
2025-05-26 10:49|CK120|78.19|86.00|70.00|71.38|3093|61.33|972|11.64|467|83.56|499|76.52|459|91.24|928|73.66|107|3432|94.00|63.00|6625|8912|993375
2025-05-26 10:49|CK121|63.85|70.00|57.00|60.40|2887|76.78|1027|46.15|902|58.67|898|85.02|711|22.51|1078|59.78|396|5012|77.00|51.00|2792|9774|997208
2025-05-26 10:49|CK122|47.10|52.00|42.00|48.23|1682|94.93|951|73.39|441|56.10|428|56.73|597|34.09|483|24.44|424|3324|57.00|38.00|8425|2232|991575
2025-05-26 10:49|CK123|47.32|52.00|43.00|51.98|3521|41.83|109|32.86|845|67.23|847|63.66|671|23.24|749|47.51|597|3818|57.00|38.00|4925|3518|995075
2025-05-26 10:49|CK124|70.17|77.00|63.00|73.27|2958|15.81|933|76.90|227|49.21|934|86.69|171|18.61|451|52.14|732|3448|84.00|56.00|3557|2991|996443
2025-05-26 10:49|CK125|51.36|56.00|46.00|54.00|2165|94.02|137|69.49|1040|85.24|468|31.81|745|81.35|277|91.57|1060|3727|62.00|41.00|2433|9304|997567
2025-05-26 10:49|CK126|32.25|35.00|29.00|30.44|1288|44.93|1050|29.82|776|21.73|1003|87.66|949|11.06|1088|66.01|983|5849|39.00|26.00|6551|5976|993449
2025-05-26 10:49|CK127|76.87|85.00|69.00|74.23|3923|17.38|804|17.33|597|85.44|684|30.10|646|54.12|742|40.06|815|4288|92.00|61.00|5549|824|994451
2025-05-26 10:49|CK128|26.93|30.00|24.00|25.38|1328|36.62|851|47.08|422|57.60|500|40.83|365|19.97|750|48.27|776|3664|32.00|22.00|8572|2711|991428
2025-05-26 10:49|CK129|13.80|15.00|12.00|13.70|4877|62.77|399|20.03|658|84.97|165|13.90|886|55.90|909|13.48|118|3135|17.00|11.00|2349|9035|997651
2025-05-26 10:50|CK100|85.04|94.00|77.00|88.65|4188|79.89|1017|56.36|765|46.87|798|67.18|948|92.25|447|21.35|226|4201|102.00|68.00|8448|3322|991552
2025-05-26 10:50|CK101|78.41|86.00|71.00|84.62|1425|61.24|1073|48.64|861|84.26|969|18.60|654|38.84|259|47.89|526|4342|94.00|63.00|3772|2913|996228
2025-05-26 10:50|CK102|18.33|20.00|16.00|19.91|4592|78.91|895|56.73|176|58.04|432|29.66|193|93.68|586|69.42|376|2658|22.00|15.00|8152|9652|991848
2025-05-26 10:50|CK103|40.17|44.00|36.00|40.63|3936|55.63|178|14.14|386|94.22|650|64.63|542|89.89|261|67.44|830|2847|48.00|32.00|8080|4483|991920
2025-05-26 10:50|CK104|35.49|39.00|32.00|33.09|2205|90.84|553|89.78|290|12.83|801|24.94|337|20.31|772|92.54|767|3520|43.00|28.00|2895|5422|997105
2025-05-26 10:50|CK105|65.32|72.00|59.00|70.04|4866|50.66|626|73.74|207|60.55|547|94.31|494|83.61|974|41.08|631|3479|78.00|52.00|7845|1502|992155
2025-05-26 10:50|CK106|32.48|36.00|29.00|32.80|3411|56.11|774|12.15|802|81.53|701|75.83|839|20.75|527|11.49|338|3981|39.00|26.00|3850|4261|996150
2025-05-26 10:50|CK107|24.49|27.00|22.00|25.04|1146|15.05|332|37.94|634|55.64|1018|24.50|362|55.77|186|29.43|370|2902|29.00|20.00|5978|5892|994022
2025-05-26 10:50|CK108|41.60|46.00|37.00|40.99|2613|79.21|615|56.93|432|42.61|129|94.39|336|37.96|854|34.15|501|2867|50.00|33.00|8811|3375|991189
2025-05-26 10:50|CK109|53.53|59.00|48.00|52.15|4872|12.44|216|98.20|1045|82.42|551|49.01|421|22.77|511|98.50|745|3489|64.00|43.00|15|8446|999985
2025-05-26 10:50|CK110|87.61|96.00|79.00|82.59|3169|31.86|736|41.48|670|65.17|252|30.80|498|98.38|640|10.13|864|3660|105.00|70.00|5609|5816|994391
2025-05-26 10:50|CK111|63.51|70.00|57.00|62.39|2903|55.85|875|99.15|644|58.45|347|95.52|829|80.20|674|49.06|1055|4424|76.00|51.00|9780|915|990220
2025-05-26 10:50|CK112|25.08|28.00|23.00|23.41|3404|94.69|573|95.99|908|35.72|265|30.85|850|61.98|828|75.50|975|4399|30.00|20.00|8297|5077|991703
2025-05-26 10:50|CK113|40.64|45.00|37.00|39.97|2908|34.08|131|52.09|713|92.31|960|34.97|215|66.66|717|78.94|414|3150|49.00|33.00|7825|617|992175
2025-05-26 10:50|CK114|96.14|106.00|87.00|98.71|5183|75.13|551|16.05|982|52.74|177|41.75|1024|99.67|563|32.73|486|3783|115.00|77.00|9015|5821|990985
2025-05-26 10:50|CK115|69.12|76.00|62.00|74.64|3139|47.99|714|73.92|440|42.83|1026|85.44|1013|46.11|792|27.15|491|4476|83.00|55.00|7662|1933|992338
2025-05-26 10:50|CK116|66.71|73.00|60.00|65.57|2664|12.18|455|69.32|467|18.62|817|46.15|582|33.30|670|34.82|1024|4015|80.00|53.00|1453|4362|998547
2025-05-26 10:50|CK117|92.71|102.00|83.00|93.75|1184|69.80|776|73.31|507|97.17|957|72.42|352|16.57|263|83.60|932|3787|111.00|74.00|2285|1875|997715
2025-05-26 10:50|CK118|10.17|11.00|9.00|11.11|4785|90.34|1039|80.99|352|20.68|385|19.48|578|81.97|413|27.74|867|3634|12.00|8.00|7448|8270|992552
2025-05-26 10:50|CK119|74.31|82.00|67.00|67.41|5145|35.94|1093|31.63|453|62.57|811|93.38|743|34.52|103|52.59|118|3321|89.00|59.00|2700|5654|997300
2025-05-26 10:50|CK120|78.19|86.00|70.00|79.11|5292|84.50|1018|94.16|529|16.41|915|11.40|852|54.40|197|29.33|391|3902|94.00|63.00|3686|1455|996314
2025-05-26 10:50|CK121|63.85|70.00|57.00|63.03|4636|61.59|203|25.82|701|45.63|564|29.31|429|54.79|911|27.65|973|3781|77.00|51.00|6812|2724|993188
2025-05-26 10:50|CK122|47.10|52.00|42.00|45.30|2713|30.13|1011|27.92|358|97.30|592|26.54|770|26.77|292|13.08|172|3195|57.00|38.00|2741|3227|997259
2025-05-26 10:50|CK123|47.32|52.00|43.00|51.91|3235|56.05|342|58.50|814|68.66|434|35.12|444|53.91|618|81.97|816|3468|57.00|38.00|118|587|999882
2025-05-26 10:50|CK124|70.17|77.00|63.00|64.40|4442|21.47|1075|37.75|722|36.36|868|34.60|212|57.31|172|66.20|573|3622|84.00|56.00|266|339|999734
2025-05-26 10:50|CK125|51.36|56.00|46.00|53.47|4458|97.57|920|40.94|1037|44.41|464|34.88|592|43.98|170|85.47|948|4131|62.00|41.00|5436|7252|994564
2025-05-26 10:50|CK126|32.25|35.00|29.00|30.54|4783|81.72|646|50.70|411|66.48|351|71.50|552|62.68|160|38.27|714|2834|39.00|26.00|6309|1663|993691
2025-05-26 10:50|CK127|76.87|85.00|69.00|70.50|2696|79.83|950|96.25|274|74.02|872|79.41|219|41.52|470|50.36|336|3121|92.00|61.00|7864|6202|992136
2025-05-26 10:50|CK128|26.93|30.00|24.00|26.85|2070|50.16|702|70.84|733|53.98|174|36.68|724|28.82|436|58.76|784|3553|32.00|22.00|7330|4395|992670
2025-05-26 10:50|CK129|13.80|15.00|12.00|14.37|702|58.90|968|65.11|780|73.32|615|64.08|148|54.18|927|42.16|496|3934|17.00|11.00|6451|2412|993549
2025-05-26 10:51|CK100|85.04|94.00|77.00|87.75|3508|16.35|339|18.10|1033|75.49|840|57.67|489|85.98|300|53.57|1085|4086|102.00|68.00|265|7319|999735
2025-05-26 10:51|CK101|78.41|86.00|71.00|79.64|5040|74.17|540|19.15|288|94.38|667|17.28|151|84.73|1042|36.10|126|2814|94.00|63.00|2652|363|997348
2025-05-26 10:51|CK102|18.33|20.00|16.00|16.57|3283|73.72|338|59.90|389|37.46|203|95.02|300|44.60|128|77.77|850|2208|22.00|15.00|6163|2704|993837
2025-05-26 10:51|CK103|40.17|44.00|36.00|44.05|1442|74.59|302|83.75|1010|79.59|663|72.22|157|42.99|326|10.73|611|3069|48.00|32.00|7702|7030|992298
2025-05-26 10:51|CK104|35.49|39.00|32.00|31.99|2912|89.04|704|76.40|888|91.71|222|62.76|562|82.97|876|85.08|649|3901|43.00|28.00|5284|614|994716
2025-05-26 10:51|CK105|65.32|72.00|59.00|61.64|3867|78.36|377|88.58|734|29.94|644|87.56|1012|49.04|854|91.90|883|4504|78.00|52.00|457|3439|999543
2025-05-26 10:51|CK106|32.48|36.00|29.00|34.95|1964|18.12|916|40.18|529|53.75|975|71.84|714|83.06|476|98.22|514|4124|39.00|26.00|5469|6765|994531
2025-05-26 10:51|CK107|24.49|27.00|22.00|26.03|2244|53.41|884|23.95|181|33.08|346|49.76|219|14.44|912|82.62|126|2668|29.00|20.00|826|6342|999174
2025-05-26 10:51|CK108|41.60|46.00|37.00|41.00|2337|69.79|841|46.66|159|29.23|230|90.81|423|58.61|249|66.43|254|2156|50.00|33.00|268|6581|999732
2025-05-26 10:51|CK109|53.53|59.00|48.00|56.31|4671|94.58|944|68.31|344|41.74|168|64.04|185|18.77|505|57.94|327|2473|64.00|43.00|8438|2330|991562
2025-05-26 10:51|CK110|87.61|96.00|79.00|88.04|3395|79.12|964|10.08|699|87.37|246|98.02|876|12.88|841|67.55|198|3824|105.00|70.00|9123|5357|990877
2025-05-26 10:51|CK111|63.51|70.00|57.00|66.35|1745|11.73|286|59.27|349|57.64|204|90.66|894|75.36|608|72.33|168|2509|76.00|51.00|681|406|999319
2025-05-26 10:51|CK112|25.08|28.00|23.00|25.00|1365|64.99|839|11.05|153|36.30|1089|67.10|521|72.80|918|39.96|711|4231|30.00|20.00|2556|6942|997444
2025-05-26 10:51|CK113|40.64|45.00|37.00|43.83|987|86.05|749|59.49|263|98.64|136|22.79|434|28.68|219|64.97|116|1917|49.00|33.00|9833|154|990167
2025-05-26 10:51|CK114|96.14|106.00|87.00|92.93|2515|46.01|382|73.86|413|46.03|746|78.23|210|76.34|783|92.76|452|2986|115.00|77.00|1245|1679|998755
2025-05-26 10:51|CK115|69.12|76.00|62.00|63.22|3060|69.64|424|51.15|116|56.29|377|57.38|1033|14.26|856|33.23|541|3347|83.00|55.00|3244|4524|996756
2025-05-26 10:51|CK116|66.71|73.00|60.00|69.40|4631|26.95|1084|85.65|918|22.95|324|99.23|458|30.65|548|10.11|102|3434|80.00|53.00|9626|4911|990374
2025-05-26 10:51|CK117|92.71|102.00|83.00|99.62|2743|66.02|803|68.17|1070|98.93|664|41.41|181|42.00|501|13.82|613|3832|111.00|74.00|216|6028|999784
2025-05-26 10:51|CK118|10.17|11.00|9.00|10.91|4358|98.36|445|43.74|131|44.00|982|16.78|668|89.06|983|79.86|180|3389|12.00|8.00|1836|2931|998164
2025-05-26 10:51|CK119|74.31|82.00|67.00|67.18|4931|51.24|431|21.35|169|99.50|863|64.31|701|13.16|166|62.34|118|2448|89.00|59.00|3574|770|996426
2025-05-26 10:51|CK120|78.19|86.00|70.00|74.42|853|18.27|183|99.27|598|55.42|107|69.72|586|72.42|846|74.63|688|3008|94.00|63.00|9728|6354|990272
2025-05-26 10:51|CK121|63.85|70.00|57.00|60.40|4439|54.13|724|29.60|223|34.89|153|58.83|461|72.42|159|33.19|926|2646|77.00|51.00|2730|3704|997270
2025-05-26 10:51|CK122|47.10|52.00|42.00|46.87|582|14.53|234|84.15|101|92.98|917|78.31|101|43.36|805|54.44|856|3014|57.00|38.00|2812|9661|997188
2025-05-26 10:51|CK123|47.32|52.00|43.00|48.33|4741|77.12|232|82.64|940|54.95|557|51.93|665|67.88|344|98.90|485|3223|57.00|38.00|2056|7850|997944
2025-05-26 10:51|CK124|70.17|77.00|63.00|72.70|512|17.11|826|84.78|1069|14.85|899|93.08|977|57.85|395|22.99|281|4447|84.00|56.00|529|4112|999471
2025-05-26 10:51|CK125|51.36|56.00|46.00|47.50|4924|86.00|299|46.82|331|42.58|1049|90.13|801|46.14|384|93.58|112|2976|62.00|41.00|7751|3020|992249
2025-05-26 10:51|CK126|32.25|35.00|29.00|31.26|2869|31.79|1048|28.43|244|88.70|591|99.53|842|24.90|771|21.75|644|4140|39.00|26.00|7336|5955|992664
2025-05-26 10:51|CK127|76.87|85.00|69.00|72.12|1935|37.98|940|91.42|1040|74.52|423|12.00|122|32.06|347|31.39|849|3721|92.00|61.00|7241|6443|992759
2025-05-26 10:51|CK128|26.93|30.00|24.00|25.54|3629|99.30|336|33.88|1004|60.99|245|52.09|121|12.50|985|82.37|160|2851|32.00|22.00|8158|7627|991842
2025-05-26 10:51|CK129|13.80|15.00|12.00|15.06|2728|99.08|421|47.88|947|99.63|388|37.26|796|48.97|514|70.50|949|4015|17.00|11.00|5277|6749|994723
2025-05-26 10:54|CK100|85.04|94.00|77.00|78.50|893|91.26|322|58.81|385|16.07|1058|20.19|718|64.89|840|19.26|483|3806|102.00|68.00|7851|9094|992149
2025-05-26 10:54|CK101|78.41|86.00|71.00|81.91|5165|81.42|857|90.63|145|19.98|254|23.65|214|47.36|599|65.56|513|2582|94.00|63.00|1905|9017|998095
2025-05-26 10:54|CK102|18.33|20.00|16.00|17.58|3938|26.22|353|49.71|103|32.31|864|24.11|406|75.13|224|48.73|397|2347|22.00|15.00|4281|6405|995719
2025-05-26 10:54|CK103|40.17|44.00|36.00|37.24|4287|73.69|231|84.43|222|82.69|869|34.52|937|36.03|316|22.80|1082|3657|48.00|32.00|198|8767|999802
2025-05-26 10:54|CK104|35.49|39.00|32.00|38.96|2390|26.83|164|96.08|286|73.15|862|60.66|835|99.81|222|71.82|594|2963|43.00|28.00|4307|4383|995693
2025-05-26 10:54|CK105|65.32|72.00|59.00|71.59|2950|90.82|100|62.99|754|59.57|946|18.61|251|80.88|725|33.30|809|3585|78.00|52.00|2750|7413|997250
2025-05-26 10:54|CK106|32.48|36.00|29.00|29.42|2935|61.87|575|48.71|1090|38.11|1036|41.27|214|22.27|1070|41.84|745|4730|39.00|26.00|1576|5942|998424
2025-05-26 10:54|CK107|24.49|27.00|22.00|23.86|1037|10.61|552|32.28|1022|36.18|928|63.10|1085|46.45|377|15.81|983|4947|29.00|20.00|8659|6989|991341
2025-05-26 10:54|CK108|41.60|46.00|37.00|38.14|3109|84.80|911|51.45|222|37.41|1074|89.13|819|28.13|517|24.61|987|4530|50.00|33.00|4107|7197|995893
2025-05-26 10:54|CK109|53.53|59.00|48.00|51.41|4546|60.30|983|86.05|517|79.60|1003|81.68|935|71.16|175|14.82|984|4597|64.00|43.00|2837|9998|997163
2025-05-26 10:54|CK110|87.61|96.00|79.00|82.82|506|10.12|851|52.58|949|84.07|264|53.57|948|21.15|784|19.84|170|3966|105.00|70.00|4860|9017|995140
2025-05-26 10:54|CK111|63.51|70.00|57.00|67.06|610|89.55|906|56.81|615|80.09|411|89.86|801|27.06|795|76.50|1093|4621|76.00|51.00|7306|1646|992694
2025-05-26 10:54|CK112|25.08|28.00|23.00|27.42|910|16.73|167|79.68|773|39.63|948|19.22|1094|15.65|657|15.89|742|4381|30.00|20.00|8263|9971|991737
2025-05-26 10:54|CK113|40.64|45.00|37.00|42.85|3821|87.58|344|75.23|941|92.97|853|71.70|368|14.05|726|20.07|666|3898|49.00|33.00|4774|5392|995226
2025-05-26 10:54|CK114|96.14|106.00|87.00|101.85|2338|48.90|860|26.41|616|40.16|1056|82.79|247|53.12|595|75.20|877|4251|115.00|77.00|2852|4905|997148
2025-05-26 10:54|CK115|69.12|76.00|62.00|65.53|3852|23.62|715|99.83|894|48.72|1002|15.62|584|83.51|126|42.12|1048|4369|83.00|55.00|9833|8690|990167
2025-05-26 10:54|CK116|66.71|73.00|60.00|63.08|2569|52.10|217|22.51|142|33.84|1096|67.49|219|18.15|555|22.18|658|2887|80.00|53.00|1199|4738|998801
2025-05-26 10:54|CK117|92.71|102.00|83.00|85.75|1109|32.42|123|69.46|998|52.32|985|78.76|391|37.94|827|98.43|929|4253|111.00|74.00|744|9670|999256
2025-05-26 10:54|CK118|10.17|11.00|9.00|10.44|4993|51.75|444|26.17|634|42.87|790|38.03|489|39.90|930|88.65|876|4163|12.00|8.00|6305|869|993695
2025-05-26 10:54|CK119|74.31|82.00|67.00|71.48|4349|32.02|549|39.84|1044|90.86|233|29.86|763|96.50|156|35.67|840|3585|89.00|59.00|5182|4075|994818
2025-05-26 10:54|CK120|78.19|86.00|70.00|81.98|4511|73.02|933|56.41|109|95.71|240|25.70|409|97.70|594|54.82|700|2985|94.00|63.00|2038|7078|997962
2025-05-26 10:54|CK121|63.85|70.00|57.00|61.74|5057|83.07|115|73.88|271|51.70|467|86.45|167|50.54|876|96.01|852|2748|77.00|51.00|8681|716|991319
2025-05-26 10:54|CK122|47.10|52.00|42.00|50.86|2110|29.90|539|82.22|752|82.63|522|78.84|237|51.16|647|24.05|760|3457|57.00|38.00|3745|3042|996255
2025-05-26 10:54|CK123|47.32|52.00|43.00|45.63|3005|89.10|944|50.62|571|89.78|1029|67.17|851|72.79|890|69.98|241|4526|57.00|38.00|318|3171|999682
2025-05-26 10:54|CK124|70.17|77.00|63.00|76.56|666|90.89|335|62.95|632|68.59|253|92.51|292|39.26|513|42.33|751|2776|84.00|56.00|4299|4215|995701
2025-05-26 10:54|CK125|51.36|56.00|46.00|56.34|1363|23.48|767|97.52|767|28.48|982|92.33|721|65.64|1051|96.23|812|5100|62.00|41.00|4549|7880|995451
2025-05-26 10:54|CK126|32.25|35.00|29.00|31.47|2376|99.33|251|23.44|778|67.73|834|99.67|395|21.93|538|49.89|141|2937|39.00|26.00|679|4791|999321
2025-05-26 10:54|CK127|76.87|85.00|69.00|75.56|4684|20.12|622|47.18|954|21.61|955|98.70|726|80.20|793|76.01|1040|5090|92.00|61.00|8672|2387|991328
2025-05-26 10:54|CK128|26.93|30.00|24.00|28.35|1005|51.18|700|53.12|1020|80.10|709|65.36|847|80.72|966|19.24|429|4671|32.00|22.00|811|1073|999189
2025-05-26 10:54|CK129|13.80|15.00|12.00|14.53|4991|56.17|128|95.73|101|75.21|631|73.03|427|70.37|206|33.83|826|2319|17.00|11.00|8841|8717|991159
2025-05-26 11:11|CK100|85.04|94.00|77.00|86.79|4854|12.33|263|22.19|262|36.23|636|36.56|1055|98.47|116|79.35|366|2698|102.00|68.00|4774|93|995226
2025-05-26 11:11|CK101|78.41|86.00|71.00|79.44|4296|60.15|702|64.35|578|56.99|206|89.19|983|58.27|892|11.48|411|3772|94.00|63.00|6191|2080|993809
2025-05-26 11:11|CK102|18.33|20.00|16.00|18.18|2264|34.42|280|90.48|564|23.16|252|53.81|814|40.32|805|80.36|793|3508|22.00|15.00|4142|5154|995858
2025-05-26 11:11|CK103|40.17|44.00|36.00|36.46|2118|14.40|199|54.98|214|25.16|579|10.62|802|81.59|447|27.41|266|2507|48.00|32.00|2613|7605|997387
2025-05-26 11:11|CK104|35.49|39.00|32.00|38.91|3294|61.53|370|88.46|741|17.24|115|92.62|804|33.06|325|52.74|199|2554|43.00|28.00|4738|820|995262
2025-05-26 11:11|CK105|65.32|72.00|59.00|63.09|683|51.67|748|22.56|885|96.63|274|95.60|1023|56.01|326|32.30|857|4113|78.00|52.00|9615|9978|990385
2025-05-26 11:11|CK106|32.48|36.00|29.00|34.52|2972|89.79|178|36.23|907|40.42|271|56.42|364|95.92|527|68.97|695|2942|39.00|26.00|1778|511|998222
2025-05-26 11:11|CK107|24.49|27.00|22.00|23.79|3522|24.95|421|31.47|686|81.37|252|39.40|582|21.49|848|68.04|302|3091|29.00|20.00|6679|2070|993321
2025-05-26 11:11|CK108|41.60|46.00|37.00|40.60|5239|87.33|823|83.77|289|98.84|438|47.85|543|80.81|442|13.30|222|2757|50.00|33.00|3271|2481|996729
2025-05-26 11:11|CK109|53.53|59.00|48.00|48.44|4842|57.09|644|80.08|282|34.73|649|84.82|515|76.31|1088|51.10|155|3333|64.00|43.00|9812|7959|990188
2025-05-26 11:11|CK110|87.61|96.00|79.00|89.21|1305|51.60|740|34.71|102|16.70|416|27.95|139|28.05|194|36.99|186|1777|105.00|70.00|7526|253|992474
2025-05-26 11:11|CK111|63.51|70.00|57.00|61.86|5410|20.16|644|51.51|1046|12.24|698|68.47|657|39.34|503|61.24|915|4463|76.00|51.00|5222|2279|994778
2025-05-26 11:11|CK112|25.08|28.00|23.00|26.33|1098|29.70|438|46.30|895|95.34|936|21.80|385|85.61|902|22.25|165|3721|30.00|20.00|5109|5056|994891
2025-05-26 11:11|CK113|40.64|45.00|37.00|37.07|961|44.65|317|40.97|845|85.34|435|16.40|1070|11.44|267|39.55|589|3523|49.00|33.00|4853|4949|995147
2025-05-26 11:11|CK114|96.14|106.00|87.00|104.59|4834|30.05|783|34.84|258|25.44|1080|35.89|636|63.72|1059|98.61|595|4411|115.00|77.00|4161|207|995839
2025-05-26 11:11|CK115|69.12|76.00|62.00|62.41|4953|77.60|375|89.23|488|17.74|788|50.71|224|61.37|642|61.75|772|3289|83.00|55.00|4685|4443|995315
2025-05-26 11:11|CK116|66.71|73.00|60.00|70.43|1592|68.79|406|91.64|876|46.37|1025|30.54|464|31.94|580|28.06|892|4243|80.00|53.00|2596|3364|997404
2025-05-26 11:11|CK117|92.71|102.00|83.00|85.82|1644|70.39|794|67.78|715|36.62|360|38.62|1083|57.57|1026|64.46|146|4124|111.00|74.00|3094|1479|996906
2025-05-26 11:11|CK118|10.17|11.00|9.00|10.69|4102|77.82|1033|39.66|1073|71.70|990|95.49|1035|51.20|438|91.11|261|4830|12.00|8.00|1963|2739|998037
2025-05-26 11:11|CK119|74.31|82.00|67.00|73.50|2755|70.89|298|70.72|121|89.27|805|32.45|137|73.58|970|26.73|971|3302|89.00|59.00|3237|8528|996763
2025-05-26 11:11|CK120|78.19|86.00|70.00|78.35|1569|21.94|383|91.87|746|86.85|189|62.01|1073|55.83|1033|49.15|776|4200|94.00|63.00|7417|3559|992583
2025-05-26 11:11|CK121|63.85|70.00|57.00|69.61|5278|33.96|1048|32.35|211|30.09|719|43.74|282|61.12|569|15.56|650|3479|77.00|51.00|615|294|999385
2025-05-26 11:11|CK122|47.10|52.00|42.00|48.95|2758|14.69|405|45.24|1057|98.28|178|27.98|556|92.84|681|13.35|414|3291|57.00|38.00|9754|1047|990246
2025-05-26 11:11|CK123|47.32|52.00|43.00|42.61|2055|30.30|954|76.76|110|74.76|430|62.14|478|29.01|723|50.15|525|3220|57.00|38.00|6491|9883|993509
2025-05-26 11:11|CK124|70.17|77.00|63.00|72.09|985|90.57|174|12.47|266|17.50|318|51.52|628|74.24|244|44.40|479|2109|84.00|56.00|6650|4227|993350
2025-05-26 11:11|CK125|51.36|56.00|46.00|46.99|4680|36.19|502|91.74|673|46.26|817|30.60|1016|90.72|554|92.28|243|3805|62.00|41.00|1319|575|998681
2025-05-26 11:11|CK126|32.25|35.00|29.00|33.69|3586|39.37|668|14.83|934|37.79|542|76.95|927|28.48|134|20.36|480|3685|39.00|26.00|7358|4873|992642
2025-05-26 11:11|CK127|76.87|85.00|69.00|79.35|3211|64.86|934|19.29|456|91.62|1097|39.19|661|46.89|324|50.98|160|3632|92.00|61.00|8577|8198|991423
2025-05-26 11:11|CK128|26.93|30.00|24.00|27.16|2329|19.90|721|23.98|148|96.22|694|14.04|473|57.78|625|70.28|737|3398|32.00|22.00|5737|893|994263
2025-05-26 11:11|CK129|13.80|15.00|12.00|13.16|2516|78.48|686|84.11|340|20.19|523|85.44|867|51.39|806|64.37|331|3553|17.00|11.00|3070|554|996930
2025-05-26 12:41|CK100|85.04|94.00|77.00|89.97|5100|97.87|481|81.33|1093|50.47|362|73.83|894|67.91|487|38.58|724|4041|102.00|68.00|6948|1475|993052
2025-05-26 12:41|CK101|78.41|86.00|71.00|79.69|5156|64.53|649|91.51|509|79.67|545|90.72|387|25.62|408|36.36|818|3316|94.00|63.00|2497|2392|997503
2025-05-26 12:41|CK102|18.33|20.00|16.00|19.04|2684|64.22|725|58.89|976|18.61|858|41.02|1076|63.17|608|57.70|448|4691|22.00|15.00|4391|6189|995609
2025-05-26 12:41|CK103|40.17|44.00|36.00|42.33|5072|90.25|466|78.93|467|18.60|438|25.22|737|38.27|423|10.07|287|2818|48.00|32.00|7830|436|992170
2025-05-26 12:41|CK104|35.49|39.00|32.00|38.95|2702|91.35|469|78.35|1061|32.50|907|90.89|909|84.38|1006|97.73|574|4926|43.00|28.00|6141|7667|993859
2025-05-26 12:41|CK105|65.32|72.00|59.00|69.36|1730|54.39|561|42.09|459|90.88|951|59.96|927|77.36|752|89.69|199|3849|78.00|52.00|7221|2245|992779
2025-05-26 12:41|CK106|32.48|36.00|29.00|33.97|3735|74.90|266|41.31|820|41.50|161|75.31|159|90.14|695|41.99|957|3058|39.00|26.00|4111|5220|995889
2025-05-26 12:41|CK107|24.49|27.00|22.00|26.16|557|47.48|248|16.15|115|49.32|149|36.74|790|11.37|1005|33.74|264|2571|29.00|20.00|9797|4574|990203
2025-05-26 12:41|CK108|41.60|46.00|37.00|42.80|2911|72.49|542|15.60|399|96.93|463|83.77|586|30.39|267|44.33|1080|3337|50.00|33.00|2625|8575|997375
2025-05-26 12:41|CK109|53.53|59.00|48.00|55.84|4664|33.94|245|46.27|146|97.95|946|37.88|269|37.15|892|16.77|644|3142|64.00|43.00|2111|9781|997889
2025-05-26 12:41|CK110|87.61|96.00|79.00|94.40|4996|63.98|582|97.91|226|78.23|978|32.59|105|91.19|1020|79.04|862|3773|105.00|70.00|8808|1937|991192
2025-05-26 12:41|CK111|63.51|70.00|57.00|62.87|5025|44.64|1079|44.31|225|75.15|700|89.42|272|90.15|800|70.95|820|3896|76.00|51.00|5699|5728|994301
2025-05-26 12:41|CK112|25.08|28.00|23.00|24.32|4988|87.00|1062|45.97|887|63.68|189|29.69|923|55.67|791|75.12|438|4290|30.00|20.00|6759|6074|993241
2025-05-26 12:41|CK113|40.64|45.00|37.00|41.76|4323|42.61|486|34.87|660|79.92|440|65.34|1011|92.27|555|69.95|372|3524|49.00|33.00|5870|1782|994130
2025-05-26 12:41|CK114|96.14|106.00|87.00|103.04|1551|15.61|390|76.11|571|53.87|257|53.70|475|51.05|412|61.73|621|2726|115.00|77.00|2521|6357|997479
2025-05-26 12:41|CK115|69.12|76.00|62.00|69.28|5133|78.64|692|32.89|255|42.68|594|28.83|272|64.72|639|48.40|619|3071|83.00|55.00|7013|9472|992987
2025-05-26 12:41|CK116|66.71|73.00|60.00|63.10|3509|63.36|410|63.53|695|90.56|466|35.88|890|72.58|394|33.17|801|3656|80.00|53.00|6865|7337|993135
2025-05-26 12:41|CK117|92.71|102.00|83.00|87.88|1285|96.85|843|44.87|789|20.91|318|48.36|814|53.89|546|87.61|425|3735|111.00|74.00|8252|1563|991748
2025-05-26 12:41|CK118|10.17|11.00|9.00|10.49|3809|95.16|1024|38.91|997|62.16|549|12.32|288|17.28|781|49.88|1093|4732|12.00|8.00|2752|9440|997248
2025-05-26 12:41|CK119|74.31|82.00|67.00|77.94|4769|47.53|821|19.70|935|70.40|855|46.29|223|16.17|1091|48.02|973|4898|89.00|59.00|5094|1813|994906
2025-05-26 12:41|CK120|78.19|86.00|70.00|71.44|4924|62.96|1067|74.35|218|54.76|916|49.33|157|72.97|285|42.67|178|2821|94.00|63.00|59|2060|999941
2025-05-26 12:41|CK121|63.85|70.00|57.00|65.32|1940|32.66|444|52.46|254|74.00|882|92.32|355|87.05|922|93.46|252|3109|77.00|51.00|2390|582|997610
2025-05-26 12:41|CK122|47.10|52.00|42.00|43.52|4150|64.41|960|52.71|175|70.08|554|35.82|471|31.66|129|57.70|499|2788|57.00|38.00|1113|2683|998887
2025-05-26 12:41|CK123|47.32|52.00|43.00|43.46|4347|23.85|832|31.81|521|48.48|1000|29.94|100|15.77|531|24.38|415|3399|57.00|38.00|7876|9188|992124
2025-05-26 12:41|CK124|70.17|77.00|63.00|67.13|5368|18.88|795|75.36|995|80.38|1096|38.21|521|68.24|832|82.50|1041|5280|84.00|56.00|8184|8682|991816
2025-05-26 12:41|CK125|51.36|56.00|46.00|53.93|865|45.13|248|61.17|169|26.55|518|57.88|778|62.24|410|64.57|234|2357|62.00|41.00|6241|8439|993759
2025-05-26 12:41|CK126|32.25|35.00|29.00|30.65|1015|29.41|904|22.69|953|17.22|153|53.67|117|75.65|239|81.10|421|2787|39.00|26.00|4481|2437|995519
2025-05-26 12:41|CK127|76.87|85.00|69.00|79.81|4970|72.47|362|82.22|931|96.97|1060|20.52|675|74.05|179|29.18|276|3483|92.00|61.00|7185|5895|992815
2025-05-26 12:41|CK128|26.93|30.00|24.00|24.39|538|90.38|150|78.69|179|97.03|247|67.26|406|26.20|582|35.25|479|2043|32.00|22.00|1085|9235|998915
2025-05-26 12:41|CK129|13.80|15.00|12.00|13.33|1593|94.51|452|12.73|391|55.57|296|48.71|315|96.36|148|25.36|934|2536|17.00|11.00|8481|8568|991519
2025-05-26 12:42|CK100|85.04|94.00|77.00|80.45|4668|46.60|614|71.25|620|60.62|428|88.84|788|89.14|896|84.31|239|3585|102.00|68.00|6043|841|993957
2025-05-26 12:42|CK101|78.41|86.00|71.00|84.34|4201|67.42|775|16.93|199|69.90|672|52.48|740|30.59|293|29.14|446|3125|94.00|63.00|2736|9888|997264
2025-05-26 12:42|CK102|18.33|20.00|16.00|16.67|3772|83.21|184|75.86|1022|38.83|716|77.84|610|87.43|477|84.79|517|3526|22.00|15.00|9136|7042|990864
2025-05-26 12:42|CK103|40.17|44.00|36.00|41.98|1921|82.00|814|17.73|351|87.41|666|82.18|802|67.52|336|66.24|908|3877|48.00|32.00|7020|180|992980
2025-05-26 12:42|CK104|35.49|39.00|32.00|32.54|3910|25.92|541|14.60|187|28.91|266|39.98|412|37.63|498|72.91|507|2411|43.00|28.00|5459|380|994541
2025-05-26 12:42|CK105|65.32|72.00|59.00|62.34|5169|51.04|779|29.20|125|91.54|281|50.26|427|32.39|988|63.67|594|3194|78.00|52.00|2301|484|997699
2025-05-26 12:42|CK106|32.48|36.00|29.00|35.28|5097|63.29|149|12.26|987|86.31|487|92.73|620|64.27|606|63.88|369|3218|39.00|26.00|7055|7195|992945
2025-05-26 12:42|CK107|24.49|27.00|22.00|24.91|3355|32.66|167|31.80|178|42.78|195|93.37|1045|64.26|544|76.89|804|2933|29.00|20.00|24|4527|999976
2025-05-26 12:42|CK108|41.60|46.00|37.00|37.99|1584|20.68|831|56.96|175|94.46|794|76.19|151|55.61|844|29.93|263|3058|50.00|33.00|8425|987|991575
2025-05-26 12:42|CK109|53.53|59.00|48.00|50.22|1679|99.63|711|15.38|780|87.25|719|99.63|894|95.11|549|83.64|588|4241|64.00|43.00|5569|3226|994431
2025-05-26 12:42|CK110|87.61|96.00|79.00|81.96|2109|41.37|804|98.52|240|58.95|384|20.81|150|61.12|693|19.49|277|2548|105.00|70.00|1745|9500|998255
2025-05-26 12:42|CK111|63.51|70.00|57.00|66.47|1573|22.14|1065|53.99|334|14.75|203|33.30|853|54.01|106|94.99|634|3195|76.00|51.00|433|9457|999567
2025-05-26 12:42|CK112|25.08|28.00|23.00|22.77|4058|46.39|556|22.47|461|26.33|465|12.36|378|91.80|141|31.42|698|2699|30.00|20.00|9121|6457|990879
2025-05-26 12:42|CK113|40.64|45.00|37.00|44.27|1844|23.63|993|79.99|1068|77.21|424|46.52|543|37.47|101|91.62|907|4036|49.00|33.00|9085|8848|990915
2025-05-26 12:42|CK114|96.14|106.00|87.00|100.64|4217|73.39|1037|62.20|596|27.20|124|49.95|202|36.95|774|86.93|494|3227|115.00|77.00|1179|6687|998821
2025-05-26 12:42|CK115|69.12|76.00|62.00|65.60|1578|70.77|976|77.31|158|87.09|714|87.78|354|21.07|274|96.71|1051|3527|83.00|55.00|5838|4680|994162
2025-05-26 12:42|CK116|66.71|73.00|60.00|64.54|4049|70.94|661|52.13|475|10.16|679|28.06|710|92.78|165|69.41|748|3438|80.00|53.00|9074|4191|990926
2025-05-26 12:42|CK117|92.71|102.00|83.00|92.74|1426|69.74|878|30.26|397|30.94|239|59.37|1000|64.22|813|18.35|993|4320|111.00|74.00|7027|7413|992973
2025-05-26 12:42|CK118|10.17|11.00|9.00|9.21|1243|33.94|773|60.00|923|81.71|290|82.84|279|13.16|713|90.66|946|3924|12.00|8.00|9567|3073|990433
2025-05-26 12:42|CK119|74.31|82.00|67.00|72.82|2969|92.71|945|17.63|568|36.82|1059|36.07|1049|61.73|1037|73.92|865|5523|89.00|59.00|9036|8958|990964
2025-05-26 12:42|CK120|78.19|86.00|70.00|75.78|1173|40.27|292|78.31|658|32.43|759|63.48|286|59.94|838|23.61|378|3211|94.00|63.00|4280|8755|995720
2025-05-26 12:42|CK121|63.85|70.00|57.00|59.16|2340|40.43|210|18.47|243|10.63|460|75.60|671|98.63|892|70.90|676|3152|77.00|51.00|5289|7517|994711
2025-05-26 12:42|CK122|47.10|52.00|42.00|49.16|2281|87.13|372|93.12|577|46.34|128|92.82|567|90.55|881|19.17|492|3017|57.00|38.00|5001|9494|994999
2025-05-26 12:42|CK123|47.32|52.00|43.00|45.02|4833|14.06|542|80.78|932|49.50|317|64.75|770|97.28|699|82.76|169|3429|57.00|38.00|1433|240|998567
2025-05-26 12:42|CK124|70.17|77.00|63.00|70.26|807|54.67|808|26.73|171|80.85|353|72.34|135|42.96|754|62.99|479|2700|84.00|56.00|7226|9504|992774
2025-05-26 12:42|CK125|51.36|56.00|46.00|48.07|1406|41.09|711|85.34|566|73.21|489|77.78|366|24.27|1085|53.98|628|3845|62.00|41.00|3538|5919|996462
2025-05-26 12:42|CK126|32.25|35.00|29.00|31.62|4928|93.30|675|50.76|1012|97.03|938|83.99|209|64.45|857|44.47|260|3951|39.00|26.00|8033|7814|991967
2025-05-26 12:42|CK127|76.87|85.00|69.00|77.32|5023|22.71|239|42.24|358|53.37|161|18.44|992|94.69|662|98.77|271|2683|92.00|61.00|3099|999|996901
2025-05-26 12:42|CK128|26.93|30.00|24.00|29.47|2989|56.61|504|15.57|1011|69.29|255|19.30|985|45.24|375|58.44|585|3715|32.00|22.00|870|8439|999130
2025-05-26 12:42|CK129|13.80|15.00|12.00|13.64|1452|66.92|822|87.60|148|25.92|477|50.03|107|11.13|1091|54.11|909|3554|17.00|11.00|940|773|999060
2025-05-26 12:53|CK100|85.04|94.00|77.00|82.30|3544|81.06|613|10.60|496|77.49|1086|15.75|995|76.28|1063|98.76|792|5045|102.00|68.00|7923|2188|992077
2025-05-26 12:53|CK101|78.41|86.00|71.00|79.35|2385|19.89|364|70.56|1063|77.80|720|60.30|304|36.43|533|60.93|761|3745|94.00|63.00|6767|9032|993233
2025-05-26 12:53|CK102|18.33|20.00|16.00|19.32|4624|91.81|329|24.89|701|32.51|471|52.61|778|58.07|509|19.11|326|3114|22.00|15.00|6068|5136|993932
2025-05-26 12:53|CK103|40.17|44.00|36.00|36.87|5215|80.24|614|22.78|247|79.02|839|25.90|458|84.64|267|43.13|669|3094|48.00|32.00|29|5231|999971
2025-05-26 12:53|CK104|35.49|39.00|32.00|34.07|3047|29.90|655|84.12|1088|31.74|306|10.28|1014|64.66|196|14.41|768|4027|43.00|28.00|1998|6838|998002
2025-05-26 12:53|CK105|65.32|72.00|59.00|64.21|2657|67.77|590|42.64|848|99.54|234|100.00|1063|90.71|637|13.38|394|3766|78.00|52.00|584|9696|999416
2025-05-26 12:53|CK106|32.48|36.00|29.00|29.47|936|75.24|683|32.32|714|25.46|741|72.84|733|24.27|247|37.79|980|4098|39.00|26.00|1507|1623|998493
2025-05-26 12:53|CK107|24.49|27.00|22.00|22.43|1642|11.23|146|35.98|377|49.73|1039|35.73|160|38.85|913|97.95|1010|3645|29.00|20.00|1928|5759|998072
2025-05-26 12:53|CK108|41.60|46.00|37.00|43.85|799|53.15|961|77.01|1050|86.92|370|19.19|150|75.04|1049|11.72|352|3932|50.00|33.00|9739|1413|990261
2025-05-26 12:53|CK109|53.53|59.00|48.00|56.94|1670|43.80|589|60.15|247|69.56|235|25.51|761|83.34|186|56.46|1081|3099|64.00|43.00|5006|7122|994994
2025-05-26 12:53|CK110|87.61|96.00|79.00|82.86|4444|87.51|650|54.74|215|73.88|687|71.59|644|72.87|572|27.91|635|3403|105.00|70.00|728|8003|999272
2025-05-26 12:53|CK111|63.51|70.00|57.00|62.22|3840|40.54|861|48.37|277|58.01|154|16.62|120|35.94|415|63.42|728|2555|76.00|51.00|8688|1895|991312
2025-05-26 12:53|CK112|25.08|28.00|23.00|27.54|4523|99.84|677|32.78|691|96.34|416|79.81|420|14.54|640|42.33|556|3400|30.00|20.00|4536|6198|995464
2025-05-26 12:53|CK113|40.64|45.00|37.00|37.27|2860|95.55|325|30.96|402|89.09|682|32.48|109|36.57|572|90.68|428|2518|49.00|33.00|2999|3325|997001
2025-05-26 12:53|CK114|96.14|106.00|87.00|96.85|3257|16.21|203|71.31|940|33.95|452|33.82|825|66.88|743|17.08|354|3517|115.00|77.00|8851|76|991149
2025-05-26 12:53|CK115|69.12|76.00|62.00|74.86|2541|26.97|985|63.54|358|46.99|915|57.66|718|88.97|475|52.95|691|4142|83.00|55.00|6707|4196|993293
2025-05-26 12:53|CK116|66.71|73.00|60.00|64.80|3867|66.76|507|54.79|175|33.88|149|23.82|734|73.13|744|22.39|121|2430|80.00|53.00|6440|1593|993560
2025-05-26 12:53|CK117|92.71|102.00|83.00|97.51|2469|38.14|1051|68.08|217|59.94|1000|18.57|326|29.17|387|31.36|455|3436|111.00|74.00|7952|3868|992048
2025-05-26 12:53|CK118|10.17|11.00|9.00|11.04|2241|55.41|202|39.45|832|54.39|147|59.81|196|64.53|447|45.17|750|2574|12.00|8.00|1435|9265|998565
2025-05-26 12:53|CK119|74.31|82.00|67.00|77.46|2478|61.58|384|71.93|913|64.33|1095|71.11|652|61.13|578|61.31|880|4502|89.00|59.00|4902|2587|995098
2025-05-26 12:53|CK120|78.19|86.00|70.00|72.01|2644|17.88|401|73.12|978|34.55|315|65.39|865|20.32|458|27.19|568|3585|94.00|63.00|7374|1191|992626
2025-05-26 12:53|CK121|63.85|70.00|57.00|63.75|3025|14.41|1071|89.78|1082|88.88|965|96.61|621|40.24|854|60.16|713|5306|77.00|51.00|3995|640|996005
2025-05-26 12:53|CK122|47.10|52.00|42.00|42.63|1455|57.78|522|70.89|716|59.61|1029|38.32|276|18.14|941|76.09|102|3586|57.00|38.00|9066|4120|990934
2025-05-26 12:53|CK123|47.32|52.00|43.00|43.24|3658|57.51|938|58.72|793|57.71|932|99.06|588|89.59|970|38.75|1011|5232|57.00|38.00|3050|9144|996950
2025-05-26 12:53|CK124|70.17|77.00|63.00|74.93|2916|29.81|928|88.27|656|69.30|518|18.72|547|51.95|646|77.75|624|3919|84.00|56.00|9494|7500|990506
2025-05-26 12:53|CK125|51.36|56.00|46.00|55.62|1652|44.59|190|71.59|515|38.97|896|79.81|265|46.98|640|43.13|674|3180|62.00|41.00|4394|9034|995606
2025-05-26 12:53|CK126|32.25|35.00|29.00|30.53|1704|90.54|852|32.16|304|27.26|643|72.91|850|45.10|454|66.17|1082|4185|39.00|26.00|3827|4161|996173
2025-05-26 12:53|CK127|76.87|85.00|69.00|79.63|1493|82.13|512|39.57|588|29.99|844|55.84|628|49.12|304|80.27|318|3194|92.00|61.00|2011|3771|997989
2025-05-26 12:53|CK128|26.93|30.00|24.00|24.76|4422|73.10|701|66.43|700|35.02|251|29.51|748|30.24|1032|66.44|852|4284|32.00|22.00|3578|9938|996422
2025-05-26 12:53|CK129|13.80|15.00|12.00|13.19|1035|70.12|812|33.80|1089|88.15|831|74.58|856|39.64|1012|39.59|436|5036|17.00|11.00|7577|825|992423
2025-05-26 13:27|CK100|85.04|94.00|77.00|79.47|626|18.60|920|68.80|245|92.77|476|10.85|419|71.69|298|94.17|858|3216|102.00|68.00|5078|3351|994922
2025-05-26 13:27|CK101|78.41|86.00|71.00|78.69|4313|77.64|178|68.22|326|20.90|917|57.10|852|63.26|981|15.81|829|4083|94.00|63.00|4547|6593|995453
2025-05-26 13:27|CK102|18.33|20.00|16.00|18.52|4780|62.05|985|69.63|1037|10.06|343|51.89|290|54.38|238|52.67|241|3134|22.00|15.00|8036|6719|991964
2025-05-26 13:27|CK103|40.17|44.00|36.00|43.47|1165|15.06|695|31.25|362|84.66|933|38.09|314|42.45|268|92.73|447|3019|48.00|32.00|4650|3772|995350
2025-05-26 13:27|CK104|35.49|39.00|32.00|33.54|4396|91.31|897|89.84|570|11.04|107|42.14|934|30.32|676|47.50|894|4078|43.00|28.00|1869|2158|998131
2025-05-26 13:27|CK105|65.32|72.00|59.00|60.30|2813|13.38|180|26.02|296|80.61|259|53.76|423|25.02|590|15.78|452|2200|78.00|52.00|9861|3785|990139
2025-05-26 13:27|CK106|32.48|36.00|29.00|31.51|1589|76.14|526|97.92|116|52.74|711|88.75|910|11.45|949|43.27|993|4205|39.00|26.00|2443|3631|997557
2025-05-26 13:27|CK107|24.49|27.00|22.00|22.44|3192|46.54|122|38.92|938|90.48|594|83.76|160|85.87|374|65.54|944|3132|29.00|20.00|8011|7712|991989
2025-05-26 13:27|CK108|41.60|46.00|37.00|38.47|4275|23.07|329|40.47|770|73.78|616|16.16|863|60.45|746|66.57|600|3924|50.00|33.00|1416|9595|998584
2025-05-26 13:27|CK109|53.53|59.00|48.00|51.08|553|72.80|361|64.51|748|58.67|392|99.29|234|36.58|1069|50.66|461|3265|64.00|43.00|3159|6087|996841
2025-05-26 13:27|CK110|87.61|96.00|79.00|80.35|3092|37.32|577|99.75|433|62.26|602|22.23|718|67.83|1085|88.67|177|3592|105.00|70.00|5921|7894|994079
2025-05-26 13:27|CK111|63.51|70.00|57.00|57.91|4869|28.61|960|42.79|257|71.68|716|61.91|145|36.52|919|96.17|565|3562|76.00|51.00|7513|1441|992487
2025-05-26 13:27|CK112|25.08|28.00|23.00|27.54|4508|96.94|783|30.43|889|72.82|432|92.78|197|45.20|881|88.37|378|3560|30.00|20.00|4|9836|999996
2025-05-26 13:27|CK113|40.64|45.00|37.00|37.75|2560|61.53|494|17.62|160|81.67|231|66.01|349|88.40|978|60.69|627|2839|49.00|33.00|4259|4921|995741
2025-05-26 13:27|CK114|96.14|106.00|87.00|92.04|3933|91.50|490|83.79|301|17.86|402|14.84|1057|87.90|421|37.07|735|3406|115.00|77.00|8444|3402|991556
2025-05-26 13:27|CK115|69.12|76.00|62.00|74.83|858|80.19|1039|21.27|173|44.76|810|42.40|630|63.63|153|77.96|339|3144|83.00|55.00|9911|9498|990089
2025-05-26 13:27|CK116|66.71|73.00|60.00|66.13|1519|62.16|280|13.13|625|32.47|436|21.08|934|42.35|655|98.82|107|3037|80.00|53.00|7071|5611|992929
2025-05-26 13:27|CK117|92.71|102.00|83.00|91.54|4984|74.01|175|85.62|333|73.21|514|84.53|251|90.38|902|43.13|1030|3205|111.00|74.00|1905|1889|998095
2025-05-26 13:27|CK118|10.17|11.00|9.00|10.93|3094|13.08|656|27.02|484|65.49|148|65.82|383|19.00|501|43.81|840|3012|12.00|8.00|6927|7638|993073
2025-05-26 13:27|CK119|74.31|82.00|67.00|76.31|1366|95.55|314|79.79|458|83.77|796|79.44|114|78.55|561|44.45|637|2880|89.00|59.00|3325|3787|996675
2025-05-26 13:27|CK120|78.19|86.00|70.00|71.59|5230|34.18|732|40.66|318|26.39|628|11.00|832|33.63|1019|23.83|890|4419|94.00|63.00|8889|1581|991111
2025-05-26 13:27|CK121|63.85|70.00|57.00|68.15|3361|71.44|464|71.89|243|67.33|1058|90.04|311|59.33|988|87.18|478|3542|77.00|51.00|7126|8179|992874
2025-05-26 13:27|CK122|47.10|52.00|42.00|48.00|1534|82.91|514|50.31|777|32.21|1078|54.81|586|81.30|761|77.11|457|4173|57.00|38.00|2024|8886|997976
2025-05-26 13:27|CK123|47.32|52.00|43.00|44.99|1864|23.60|970|37.55|752|80.87|265|22.48|163|74.74|298|36.47|1067|3515|57.00|38.00|6414|4351|993586
2025-05-26 13:27|CK124|70.17|77.00|63.00|67.50|2619|75.20|535|58.63|528|13.83|815|14.17|252|78.54|496|17.99|807|3433|84.00|56.00|5763|7224|994237
2025-05-26 13:27|CK125|51.36|56.00|46.00|49.85|4976|20.33|937|65.04|519|53.78|132|30.40|840|76.66|916|83.96|970|4314|62.00|41.00|527|3391|999473
2025-05-26 13:27|CK126|32.25|35.00|29.00|32.86|4069|67.02|953|86.19|786|53.42|1005|94.99|337|44.53|774|82.78|276|4131|39.00|26.00|707|9257|999293
2025-05-26 13:27|CK127|76.87|85.00|69.00|82.43|874|31.27|139|15.43|283|71.83|835|16.40|194|13.96|785|23.17|427|2663|92.00|61.00|1003|4549|998997
2025-05-26 13:27|CK128|26.93|30.00|24.00|29.07|2600|53.33|221|53.64|116|41.22|125|88.02|920|71.10|988|67.91|592|2962|32.00|22.00|3264|6976|996736
2025-05-26 13:27|CK129|13.80|15.00|12.00|13.74|2031|59.67|1063|92.62|267|11.82|723|53.51|554|36.34|851|22.49|913|4371|17.00|11.00|8391|7890|991609
2025-05-26 13:28|CK100|85.04|94.00|77.00|78.73|1183|68.82|339|43.92|343|41.87|686|52.94|117|72.90|378|67.13|1059|2922|102.00|68.00|2554|6591|997446
2025-05-26 13:28|CK101|78.41|86.00|71.00|72.69|4566|81.28|829|13.75|737|92.70|225|53.42|932|50.69|968|47.72|953|4644|94.00|63.00|8794|4575|991206
2025-05-26 13:28|CK102|18.33|20.00|16.00|17.50|1497|85.55|908|29.61|596|67.74|110|97.35|250|71.69|696|65.13|191|2751|22.00|15.00|9641|4785|990359
2025-05-26 13:28|CK103|40.17|44.00|36.00|40.07|3787|95.26|968|49.68|327|64.44|961|89.48|440|43.99|519|90.44|762|3977|48.00|32.00|4186|8375|995814
2025-05-26 13:28|CK104|35.49|39.00|32.00|37.28|2122|66.22|668|68.00|481|37.95|893|57.96|302|86.79|808|40.98|921|4073|43.00|28.00|1240|9941|998760
2025-05-26 13:28|CK105|65.32|72.00|59.00|63.70|1363|77.47|679|23.00|228|81.33|1031|96.40|746|44.43|1080|70.33|436|4200|78.00|52.00|6874|3871|993126
2025-05-26 13:28|CK106|32.48|36.00|29.00|29.34|716|56.30|283|77.16|677|47.52|625|18.90|361|13.93|1010|77.22|1080|4036|39.00|26.00|8372|5148|991628
2025-05-26 13:28|CK107|24.49|27.00|22.00|23.71|5112|90.05|1046|59.56|873|19.77|895|25.26|574|60.86|442|14.94|1015|4845|29.00|20.00|522|6159|999478
2025-05-26 13:28|CK108|41.60|46.00|37.00|45.07|3054|62.30|271|87.59|387|26.42|472|21.10|213|84.92|191|59.69|615|2149|50.00|33.00|655|68|999345
2025-05-26 13:28|CK109|53.53|59.00|48.00|54.14|4819|16.05|213|13.37|868|62.52|791|12.11|705|96.68|886|40.91|335|3798|64.00|43.00|7442|3740|992558
2025-05-26 13:28|CK110|87.61|96.00|79.00|92.51|1009|29.38|961|13.63|533|23.14|741|47.26|276|44.33|744|14.30|314|3569|105.00|70.00|2|590|999998
2025-05-26 13:28|CK111|63.51|70.00|57.00|63.28|3883|14.22|892|38.34|760|69.08|425|97.09|720|25.80|834|80.43|325|3956|76.00|51.00|1710|5449|998290
2025-05-26 13:28|CK112|25.08|28.00|23.00|25.19|5172|82.80|174|78.42|937|39.47|400|99.30|522|50.36|519|81.41|790|3342|30.00|20.00|9240|8450|990760
2025-05-26 13:28|CK113|40.64|45.00|37.00|39.94|701|54.42|203|33.95|735|83.98|399|86.07|395|50.84|702|85.38|672|3106|49.00|33.00|3626|9516|996374
2025-05-26 13:28|CK114|96.14|106.00|87.00|88.71|5045|72.84|457|17.53|841|62.93|672|31.55|748|46.29|201|40.40|740|3659|115.00|77.00|4530|4944|995470
2025-05-26 13:28|CK115|69.12|76.00|62.00|73.18|2932|15.56|627|61.95|997|22.53|838|21.30|727|82.15|528|68.89|929|4646|83.00|55.00|480|3646|999520
2025-05-26 13:28|CK116|66.71|73.00|60.00|71.78|1231|82.71|849|95.18|823|61.33|116|87.74|616|66.55|572|65.80|1047|4023|80.00|53.00|9846|8652|990154
2025-05-26 13:28|CK117|92.71|102.00|83.00|93.82|3442|89.97|903|92.85|453|45.48|806|40.90|906|76.01|552|90.21|391|4011|111.00|74.00|9037|479|990963
2025-05-26 13:28|CK118|10.17|11.00|9.00|9.26|2730|30.13|506|74.92|862|30.71|813|77.22|614|89.89|853|21.24|290|3938|12.00|8.00|8272|24|991728
2025-05-26 13:28|CK119|74.31|82.00|67.00|74.40|4895|85.15|171|89.62|797|33.88|118|71.53|261|74.46|561|91.30|497|2405|89.00|59.00|5211|6901|994789
2025-05-26 13:28|CK120|78.19|86.00|70.00|82.71|4014|88.45|105|74.12|561|80.65|980|88.86|516|21.19|445|19.82|552|3159|94.00|63.00|1284|8314|998716
2025-05-26 13:28|CK121|63.85|70.00|57.00|67.65|3318|91.88|277|43.43|790|56.71|810|33.62|217|40.14|851|42.95|155|3100|77.00|51.00|4445|581|995555
2025-05-26 13:28|CK122|47.10|52.00|42.00|47.52|4249|27.36|872|27.00|760|13.83|989|85.31|134|35.39|952|52.61|483|4190|57.00|38.00|3202|2745|996798
2025-05-26 13:28|CK123|47.32|52.00|43.00|49.14|1272|58.64|675|29.13|143|20.67|407|38.23|909|56.65|917|74.46|367|3418|57.00|38.00|763|5031|999237
2025-05-26 13:28|CK124|70.17|77.00|63.00|76.20|3779|35.37|334|61.12|454|85.46|1015|43.64|449|72.41|1052|16.73|982|4286|84.00|56.00|5377|6700|994623
2025-05-26 13:28|CK125|51.36|56.00|46.00|48.25|4309|96.22|100|35.51|812|85.84|286|30.82|1024|28.22|442|24.71|647|3311|62.00|41.00|8642|5302|991358
2025-05-26 13:28|CK126|32.25|35.00|29.00|30.89|2111|20.37|754|14.83|1036|15.71|706|95.25|407|77.42|147|63.36|1018|4068|39.00|26.00|8966|3242|991034
2025-05-26 13:28|CK127|76.87|85.00|69.00|75.06|5384|48.14|1091|60.22|1096|47.06|283|66.53|326|74.05|143|66.40|608|3547|92.00|61.00|9971|2822|990029
2025-05-26 13:28|CK128|26.93|30.00|24.00|26.82|2214|33.24|160|53.25|677|26.26|941|80.09|1005|53.33|595|34.59|828|4206|32.00|22.00|5389|6003|994611
2025-05-26 13:28|CK129|13.80|15.00|12.00|14.69|5488|81.53|277|18.87|1006|44.77|542|77.74|240|72.59|503|60.45|1005|3573|17.00|11.00|1483|2930|998517
2025-05-26 13:29|CK100|85.04|94.00|77.00|76.93|2782|93.64|989|43.25|343|15.75|932|96.22|1026|96.44|278|67.71|956|4524|102.00|68.00|578|5219|999422
2025-05-26 13:29|CK101|78.41|86.00|71.00|71.28|1207|85.38|519|47.62|893|60.13|777|47.46|450|15.76|631|96.40|650|3920|94.00|63.00|5733|1007|994267
2025-05-26 13:29|CK102|18.33|20.00|16.00|18.10|2538|43.01|976|18.56|879|83.07|309|14.77|914|23.77|354|47.11|1020|4452|22.00|15.00|73|7898|999927
2025-05-26 13:29|CK103|40.17|44.00|36.00|41.27|3211|35.20|816|67.49|441|35.08|843|17.46|793|71.05|1023|93.90|394|4310|48.00|32.00|8134|8385|991866
2025-05-26 13:29|CK104|35.49|39.00|32.00|32.05|1907|80.31|737|89.59|529|81.89|341|57.99|362|90.02|371|24.91|252|2592|43.00|28.00|9909|7846|990091
2025-05-26 13:29|CK105|65.32|72.00|59.00|63.56|1886|32.37|435|52.32|159|55.87|349|25.44|670|46.18|1077|33.51|718|3408|78.00|52.00|9898|2119|990102
2025-05-26 13:29|CK106|32.48|36.00|29.00|32.91|2912|51.85|369|71.86|377|11.57|730|45.73|467|46.10|778|50.05|841|3562|39.00|26.00|1162|3817|998838
2025-05-26 13:29|CK107|24.49|27.00|22.00|26.37|5123|94.21|984|98.41|413|15.10|1050|33.14|318|20.50|127|68.84|598|3490|29.00|20.00|4850|7219|995150
2025-05-26 13:29|CK108|41.60|46.00|37.00|43.40|1885|21.34|223|56.35|574|40.33|1014|49.76|1073|64.41|524|17.93|311|3719|50.00|33.00|4063|6437|995937
2025-05-26 13:29|CK109|53.53|59.00|48.00|56.40|2936|79.14|475|47.54|1027|44.75|107|49.55|163|96.89|643|49.84|656|3071|64.00|43.00|4959|5223|995041
2025-05-26 13:29|CK110|87.61|96.00|79.00|86.42|722|44.02|726|28.66|591|20.55|321|31.25|808|58.18|1097|41.37|170|3713|105.00|70.00|2888|2396|997112
2025-05-26 13:29|CK111|63.51|70.00|57.00|68.50|4970|19.54|881|32.57|1033|77.29|630|23.08|164|98.26|127|10.25|162|2997|76.00|51.00|6023|6268|993977
2025-05-26 13:29|CK112|25.08|28.00|23.00|23.43|3662|95.70|827|38.23|564|23.82|321|28.79|844|13.83|826|23.76|677|4059|30.00|20.00|7673|6060|992327
2025-05-26 13:29|CK113|40.64|45.00|37.00|44.16|1638|51.79|761|36.94|442|47.18|489|11.30|918|41.64|313|19.65|1029|3952|49.00|33.00|2792|5580|997208
2025-05-26 13:29|CK114|96.14|106.00|87.00|101.02|4240|63.87|981|50.78|683|38.26|394|90.65|233|60.74|900|97.52|710|3901|115.00|77.00|7280|6728|992720
2025-05-26 13:29|CK115|69.12|76.00|62.00|70.96|5278|49.52|1097|67.99|483|73.01|197|43.63|684|76.51|1095|49.11|730|4286|83.00|55.00|7519|9408|992481
2025-05-26 13:29|CK116|66.71|73.00|60.00|65.93|5131|73.80|633|52.57|719|75.48|624|79.34|762|42.19|489|42.01|541|3768|80.00|53.00|8857|9922|991143
2025-05-26 13:29|CK117|92.71|102.00|83.00|95.19|5334|16.58|398|66.95|153|44.27|537|14.12|598|27.22|225|77.35|669|2580|111.00|74.00|5654|2416|994346
2025-05-26 13:29|CK118|10.17|11.00|9.00|9.32|1518|90.58|264|26.53|311|69.03|1036|60.80|1002|23.60|172|97.88|162|2947|12.00|8.00|6306|4534|993694
2025-05-26 13:29|CK119|74.31|82.00|67.00|75.72|2027|44.61|1082|71.79|938|83.30|233|28.63|545|30.81|404|29.78|608|3810|89.00|59.00|6490|1838|993510
2025-05-26 13:29|CK120|78.19|86.00|70.00|84.76|725|26.84|686|63.47|310|52.04|518|95.20|761|68.06|403|70.68|110|2788|94.00|63.00|528|4239|999472
2025-05-26 13:29|CK121|63.85|70.00|57.00|61.67|622|79.95|215|48.47|947|36.04|187|74.86|837|79.58|382|51.86|698|3266|77.00|51.00|2723|6060|997277
2025-05-26 13:29|CK122|47.10|52.00|42.00|51.04|2534|91.44|465|42.61|1062|21.81|324|75.09|951|77.93|294|14.94|811|3907|57.00|38.00|7697|4171|992303
2025-05-26 13:29|CK123|47.32|52.00|43.00|48.73|2167|52.79|768|40.44|1036|33.18|569|96.76|740|32.06|1017|73.20|1026|5156|57.00|38.00|9340|8142|990660
2025-05-26 13:29|CK124|70.17|77.00|63.00|72.59|1283|39.05|270|43.59|300|59.90|799|24.06|343|60.99|877|60.23|542|3131|84.00|56.00|6801|5758|993199
2025-05-26 13:29|CK125|51.36|56.00|46.00|49.20|4457|38.53|848|98.00|353|83.46|381|41.18|213|40.03|461|33.28|138|2394|62.00|41.00|1860|5865|998140
2025-05-26 13:29|CK126|32.25|35.00|29.00|29.35|1313|81.13|147|28.36|419|47.40|337|86.22|149|57.92|256|78.28|206|1514|39.00|26.00|2210|5540|997790
2025-05-26 13:29|CK127|76.87|85.00|69.00|82.61|859|43.15|940|28.38|272|38.44|158|64.26|724|36.83|179|67.00|845|3118|92.00|61.00|899|6943|999101
2025-05-26 13:29|CK128|26.93|30.00|24.00|29.44|4255|63.58|420|88.29|646|84.44|108|61.76|670|37.45|386|45.95|500|2730|32.00|22.00|8682|516|991318
2025-05-26 13:29|CK129|13.80|15.00|12.00|15.09|2126|10.52|416|48.05|694|78.09|612|21.53|554|80.25|834|67.20|346|3456|17.00|11.00|1594|5144|998406
2025-05-26 13:30|CK100|85.04|94.00|77.00|87.42|3712|97.79|831|15.38|999|17.53|1055|88.41|1025|88.09|202|52.03|280|4392|102.00|68.00|5108|5286|994892
2025-05-26 13:30|CK101|78.41|86.00|71.00|85.92|2997|70.69|1044|51.27|142|78.25|240|21.64|837|77.17|567|27.95|400|3230|94.00|63.00|3746|3849|996254
2025-05-26 13:30|CK102|18.33|20.00|16.00|18.74|653|60.78|620|70.17|1062|26.68|750|88.08|411|53.94|338|76.61|628|3809|22.00|15.00|258|7137|999742
2025-05-26 13:30|CK103|40.17|44.00|36.00|39.83|2833|74.06|754|26.26|910|59.65|101|47.62|250|96.06|1081|55.77|176|3272|48.00|32.00|1034|9001|998966
2025-05-26 13:30|CK104|35.49|39.00|32.00|33.57|3377|21.15|775|59.92|140|47.72|422|15.54|472|85.88|373|90.20|239|2421|43.00|28.00|483|9275|999517
2025-05-26 13:30|CK105|65.32|72.00|59.00|69.69|3391|20.24|787|47.60|900|29.26|735|97.63|255|40.58|932|13.95|708|4317|78.00|52.00|8830|1980|991170
2025-05-26 13:30|CK106|32.48|36.00|29.00|34.41|4900|61.09|736|59.33|894|53.59|785|74.69|374|29.45|607|82.24|465|3861|39.00|26.00|4759|9750|995241
2025-05-26 13:30|CK107|24.49|27.00|22.00|22.89|5056|99.70|459|14.47|1077|91.89|586|71.29|702|66.27|565|45.44|257|3646|29.00|20.00|5936|7054|994064
2025-05-26 13:30|CK108|41.60|46.00|37.00|45.20|988|63.70|504|98.24|289|14.49|900|45.59|896|38.62|106|39.81|601|3296|50.00|33.00|470|6426|999530
2025-05-26 13:30|CK109|53.53|59.00|48.00|54.01|4323|14.93|176|19.91|122|97.37|165|10.68|978|76.44|1069|73.67|117|2627|64.00|43.00|828|7877|999172
2025-05-26 13:30|CK110|87.61|96.00|79.00|93.03|683|96.36|897|73.29|855|48.07|986|46.05|935|29.06|135|65.01|603|4411|105.00|70.00|482|6350|999518
2025-05-26 13:30|CK111|63.51|70.00|57.00|58.47|3770|45.61|634|79.71|340|12.09|982|95.56|537|85.54|614|24.44|1000|4107|76.00|51.00|7019|2738|992981
2025-05-26 13:30|CK112|25.08|28.00|23.00|23.03|2397|45.46|606|16.56|318|93.29|364|44.15|689|98.07|936|95.70|965|3878|30.00|20.00|5899|9002|994101
2025-05-26 13:30|CK113|40.64|45.00|37.00|38.03|894|34.72|164|11.41|1009|55.83|178|94.40|280|68.76|142|46.84|108|1881|49.00|33.00|7317|5174|992683
2025-05-26 13:30|CK114|96.14|106.00|87.00|91.19|5477|23.62|290|86.02|688|62.95|646|39.46|925|85.47|459|15.21|1000|4008|115.00|77.00|4540|1317|995460
2025-05-26 13:30|CK115|69.12|76.00|62.00|62.32|2151|50.25|478|88.58|599|35.49|686|72.35|228|54.18|239|50.23|977|3207|83.00|55.00|8844|5649|991156
2025-05-26 13:30|CK116|66.71|73.00|60.00|63.33|659|46.79|231|85.76|951|87.14|175|64.11|477|72.89|350|37.63|739|2923|80.00|53.00|8200|3670|991800
2025-05-26 13:30|CK117|92.71|102.00|83.00|87.62|3606|46.79|200|46.67|557|92.15|1043|36.15|450|96.77|222|77.17|706|3178|111.00|74.00|1776|3528|998224
2025-05-26 13:30|CK118|10.17|11.00|9.00|10.25|1160|19.23|885|78.52|255|72.02|167|63.46|404|28.69|236|27.38|511|2458|12.00|8.00|8079|9603|991921
2025-05-26 13:30|CK119|74.31|82.00|67.00|75.12|1983|52.88|440|70.28|781|70.36|1066|51.25|620|75.89|709|19.49|636|4252|89.00|59.00|8409|9031|991591
2025-05-26 13:30|CK120|78.19|86.00|70.00|77.01|2807|51.45|465|36.32|200|57.64|808|57.34|686|39.81|226|38.48|380|2765|94.00|63.00|8973|1551|991027
2025-05-26 13:30|CK121|63.85|70.00|57.00|61.73|2265|92.10|146|64.08|284|82.64|360|52.33|710|75.01|189|43.92|845|2534|77.00|51.00|2190|8300|997810
2025-05-26 13:30|CK122|47.10|52.00|42.00|47.93|3063|22.80|252|48.93|515|32.43|116|18.08|1082|15.63|150|14.76|1037|3152|57.00|38.00|5436|5699|994564
2025-05-26 13:30|CK123|47.32|52.00|43.00|44.85|2049|36.77|342|30.90|328|79.23|663|78.64|811|89.23|542|84.37|1097|3783|57.00|38.00|5377|6645|994623
2025-05-26 13:30|CK124|70.17|77.00|63.00|66.41|2201|30.74|1072|50.34|831|67.50|255|38.43|197|33.03|448|24.89|237|3040|84.00|56.00|7290|3716|992710
2025-05-26 13:30|CK125|51.36|56.00|46.00|51.19|2484|30.16|948|14.61|272|34.85|555|63.04|213|17.91|565|24.40|330|2883|62.00|41.00|8483|6384|991517
2025-05-26 13:30|CK126|32.25|35.00|29.00|32.61|1728|33.31|784|93.10|574|60.50|784|82.26|751|20.84|172|74.68|888|3953|39.00|26.00|2271|8763|997729
2025-05-26 13:30|CK127|76.87|85.00|69.00|72.13|4283|64.17|128|95.24|499|72.89|699|70.39|390|46.33|928|70.98|808|3452|92.00|61.00|1333|6169|998667
2025-05-26 13:30|CK128|26.93|30.00|24.00|28.27|2827|49.81|562|10.08|963|65.51|695|65.40|428|95.33|785|42.53|403|3836|32.00|22.00|9172|9264|990828
2025-05-26 13:30|CK129|13.80|15.00|12.00|12.50|3861|21.43|456|31.27|573|20.09|776|67.98|264|81.91|848|19.04|321|3238|17.00|11.00|8516|1094|991484
2025-05-26 13:31|CK100|85.04|94.00|77.00|86.65|2784|23.69|469|45.79|780|58.71|322|85.89|694|53.55|953|90.03|430|3648|102.00|68.00|8519|6362|991481
2025-05-26 13:31|CK101|78.41|86.00|71.00|82.12|783|96.85|175|91.49|636|34.37|1048|62.93|537|50.40|159|54.06|259|2814|94.00|63.00|4549|6232|995451
2025-05-26 13:31|CK102|18.33|20.00|16.00|18.19|1728|72.10|635|11.79|1048|23.42|969|28.11|897|86.78|359|47.41|309|4217|22.00|15.00|8423|3381|991577
2025-05-26 13:31|CK103|40.17|44.00|36.00|41.60|1269|60.76|352|13.75|109|81.23|630|13.23|947|75.02|913|99.40|995|3946|48.00|32.00|2994|3765|997006
2025-05-26 13:31|CK104|35.49|39.00|32.00|37.42|1731|52.78|641|17.99|1007|48.60|202|91.28|900|14.93|1018|63.03|824|4592|43.00|28.00|5637|5220|994363
2025-05-26 13:31|CK105|65.32|72.00|59.00|64.07|3585|14.75|207|23.02|969|91.07|333|90.86|299|80.69|947|14.21|591|3346|78.00|52.00|773|8473|999227
2025-05-26 13:31|CK106|32.48|36.00|29.00|34.69|1031|76.68|670|96.87|211|96.45|599|95.43|1054|89.26|359|83.73|589|3482|39.00|26.00|8283|8435|991717
2025-05-26 13:31|CK107|24.49|27.00|22.00|24.31|3974|79.42|498|15.05|238|57.62|872|75.08|1097|75.72|652|11.48|654|4011|29.00|20.00|8558|5662|991442
2025-05-26 13:31|CK108|41.60|46.00|37.00|44.53|3824|81.92|665|67.71|478|23.67|397|54.70|839|34.33|1055|44.00|142|3576|50.00|33.00|8215|2768|991785
2025-05-26 13:31|CK109|53.53|59.00|48.00|56.90|3627|32.33|115|21.87|247|60.49|659|60.06|575|21.63|1020|13.51|441|3057|64.00|43.00|7883|7029|992117
2025-05-26 13:31|CK110|87.61|96.00|79.00|85.29|5329|47.87|343|48.31|151|31.65|549|94.59|340|74.79|514|42.83|542|2439|105.00|70.00|1764|372|998236
2025-05-26 13:31|CK111|63.51|70.00|57.00|65.86|2677|98.92|684|72.19|304|72.11|590|46.67|836|12.13|222|88.99|784|3420|76.00|51.00|8011|5797|991989
2025-05-26 13:31|CK112|25.08|28.00|23.00|27.57|1594|48.31|771|95.77|699|82.19|857|58.87|702|96.20|895|19.63|947|4871|30.00|20.00|2501|5927|997499
2025-05-26 13:31|CK113|40.64|45.00|37.00|37.58|2162|10.75|639|24.26|784|14.51|212|71.61|554|98.44|105|60.06|283|2577|49.00|33.00|2123|9807|997877
2025-05-26 13:31|CK114|96.14|106.00|87.00|87.13|3226|35.57|209|34.68|573|50.11|334|35.96|536|77.51|410|64.93|855|2917|115.00|77.00|4592|1482|995408
2025-05-26 13:31|CK115|69.12|76.00|62.00|65.45|3772|58.81|858|74.95|167|28.76|146|14.11|781|56.37|1004|65.68|588|3544|83.00|55.00|3641|6594|996359
2025-05-26 13:31|CK116|66.71|73.00|60.00|62.25|986|36.57|933|79.63|919|55.43|1058|96.33|418|14.21|126|93.62|507|3961|80.00|53.00|8889|7675|991111
2025-05-26 13:31|CK117|92.71|102.00|83.00|87.21|816|74.42|192|79.69|874|30.03|600|14.76|104|85.65|1031|47.62|514|3315|111.00|74.00|1064|5580|998936
2025-05-26 13:31|CK118|10.17|11.00|9.00|9.25|2291|70.69|534|36.07|623|14.99|246|63.64|952|93.49|193|13.95|685|3233|12.00|8.00|3301|7960|996699
2025-05-26 13:31|CK119|74.31|82.00|67.00|69.40|2271|25.32|695|70.48|807|15.80|648|53.76|645|96.38|433|65.04|802|4030|89.00|59.00|562|7696|999438
2025-05-26 13:31|CK120|78.19|86.00|70.00|85.73|3800|44.24|721|64.47|1062|95.51|303|33.30|926|70.90|632|66.95|966|4610|94.00|63.00|7773|4339|992227
2025-05-26 13:31|CK121|63.85|70.00|57.00|60.79|2805|54.21|658|68.19|150|78.45|586|82.79|804|78.65|679|36.28|1003|3880|77.00|51.00|4088|3441|995912
2025-05-26 13:31|CK122|47.10|52.00|42.00|49.98|1581|86.15|794|72.29|1096|92.00|703|62.10|858|43.78|491|33.64|1056|4998|57.00|38.00|2302|1327|997698
2025-05-26 13:31|CK123|47.32|52.00|43.00|50.37|4440|98.14|217|50.62|579|34.97|147|14.85|179|84.42|850|97.45|382|2354|57.00|38.00|1422|5942|998578
2025-05-26 13:31|CK124|70.17|77.00|63.00|76.79|4841|79.53|771|68.18|768|37.27|986|17.63|518|53.14|290|18.94|232|3565|84.00|56.00|7216|2825|992784
2025-05-26 13:31|CK125|51.36|56.00|46.00|51.37|932|17.81|891|12.10|936|30.38|243|89.14|869|88.79|166|53.28|272|3377|62.00|41.00|6545|3865|993455
2025-05-26 13:31|CK126|32.25|35.00|29.00|31.62|2298|33.52|673|88.46|575|21.83|254|52.77|736|50.07|965|93.00|866|4069|39.00|26.00|5104|5910|994896
2025-05-26 13:31|CK127|76.87|85.00|69.00|80.95|1618|18.37|421|64.40|728|48.97|206|17.77|261|49.36|1056|16.19|1007|3679|92.00|61.00|6419|9047|993581
2025-05-26 13:31|CK128|26.93|30.00|24.00|28.61|5187|51.68|339|93.08|442|68.55|1098|40.86|504|11.79|501|37.14|947|3831|32.00|22.00|1498|9942|998502
2025-05-26 13:31|CK129|13.80|15.00|12.00|14.90|1759|85.14|551|82.88|1087|94.43|544|77.21|1012|43.10|160|87.77|984|4338|17.00|11.00|5058|9672|994942
